project,timeing,tests,failed,error,skipped,mode
functor-sub-core,10.07,1137,0,0,0,baseTime
functor-sub-core,15.12,1137,0,0,0,ekstaziAEC
functor-sub-core,9.68,1137,0,0,0,baseTime
functor-surefireNotFound,7.43,0,0,0,0,ekstaziAEC
functor-sub-core,10.8,1137,0,0,0,baseTime
functor-surefireNotFound,6.98,0,0,0,0,ekstaziAEC
functor-sub-core,9.9,1137,0,0,0,baseTime
functor-sub-core,7.8,266,0,0,0,ekstaziAEC
functor-sub-core,10.05,1137,0,0,0,baseTime
functor-sub-core,7.28,52,0,0,0,ekstaziAEC
functor-sub-core,9.88,1134,0,0,0,baseTime
functor-sub-core,7.34,34,0,0,0,ekstaziAEC
functor-sub-core,9.84,1134,0,0,0,baseTime
functor-surefireNotFound,7.09,0,0,0,0,ekstaziAEC
functor-sub-core,9.88,1134,0,0,0,baseTime
functor-surefireNotFound,6.91,0,0,0,0,ekstaziAEC
functor-sub-core,9.91,1134,0,0,0,baseTime
functor-sub-core,7.62,262,0,0,0,ekstaziAEC
functor-sub-core,9.85,1134,0,0,0,baseTime
functor-surefireNotFound,7.37,0,0,0,0,ekstaziAEC
functor-sub-core,9.82,1134,0,0,0,baseTime
functor-surefireNotFound,6.94,0,0,0,0,ekstaziAEC
functor-sub-core,9.75,1134,0,0,0,baseTime
functor-surefireNotFound,6.92,0,0,0,0,ekstaziAEC
functor-sub-core,10.03,1134,0,0,0,baseTime
functor-surefireNotFound,7.19,0,0,0,0,ekstaziAEC
functor-sub-core,9.74,1134,0,0,0,baseTime
functor-surefireNotFound,6.8,0,0,0,0,ekstaziAEC
functor-sub-core,9.88,1134,0,0,0,baseTime
functor-sub-core,7.7,315,0,0,0,ekstaziAEC
functor-sub-core,10.08,1134,0,0,0,baseTime
functor-sub-core,7.47,135,0,0,0,ekstaziAEC
functor-sub-core,9.91,1134,0,0,0,baseTime
functor-sub-core,11.41,1119,0,0,0,ekstaziAEC
functor-sub-core,9.88,1134,0,0,0,baseTime
functor-surefireNotFound,6.99,0,0,0,0,ekstaziAEC
functor-sub-core,9.84,1134,0,0,0,baseTime
functor-sub-core,7.26,43,0,0,0,ekstaziAEC
functor-sub-core,9.97,1134,0,0,0,baseTime
functor-sub-core,7.5,262,0,0,0,ekstaziAEC
collections,21.88,13677,0,0,0,baseTime
collections,24.27,13677,0,0,0,ekstaziAEC
collections,21.73,13677,0,0,0,baseTime
collections,7.72,0,0,0,0,ekstaziAEC
collections,21.81,13677,0,0,0,baseTime
collections,7.48,0,0,0,0,ekstaziAEC
collections,22.36,13677,0,0,0,baseTime
collections,14.84,4666,0,0,0,ekstaziAEC
collections,21.8,13677,0,0,0,baseTime
collections,13.92,2393,0,0,0,ekstaziAEC
collections,22.34,13677,0,0,0,baseTime
collections,8.73,293,0,0,0,ekstaziAEC
collections,21.76,13677,0,0,0,baseTime
collections,7.71,0,0,0,0,ekstaziAEC
collections,22.24,13677,0,0,0,baseTime
collections,7.6,0,0,0,0,ekstaziAEC
collections,21.99,13677,0,0,0,baseTime
collections,7.6,0,0,0,0,ekstaziAEC
collections,21.86,13677,0,0,0,baseTime
collections,7.62,0,0,0,0,ekstaziAEC
collections,22.04,13677,0,0,0,baseTime
collections,7.48,0,0,0,0,ekstaziAEC
collections,22.85,13677,0,0,0,baseTime
collections,7.43,0,0,0,0,ekstaziAEC
collections,22.1,13677,0,0,0,baseTime
collections,7.58,0,0,0,0,ekstaziAEC
collections,21.71,13677,0,0,0,baseTime
collections,8.44,118,0,0,0,ekstaziAEC
collections,22.85,13677,0,0,0,baseTime
collections,8.08,16,0,0,0,ekstaziAEC
collections,22.18,13701,0,0,0,baseTime
collections,8.88,235,0,0,0,ekstaziAEC
collections,22.67,13701,0,0,0,baseTime
collections,7.67,0,0,0,0,ekstaziAEC
collections,22.14,13702,0,0,0,baseTime
collections,9.15,951,0,0,0,ekstaziAEC
collections,22.41,13702,0,0,0,baseTime
collections,7.48,0,0,0,0,ekstaziAEC
collections,22.02,13702,0,0,0,baseTime
collections,7.68,0,0,0,0,ekstaziAEC
configuration,32.71,2266,0,0,0,baseTime
configuration,37.57,2266,0,0,0,ekstaziAEC
configuration,32.49,2266,0,0,0,baseTime
configuration,8.48,0,0,0,0,ekstaziAEC
configuration,32.19,2266,0,0,0,baseTime
configuration,8.54,0,0,0,0,ekstaziAEC
configuration,33.09,2266,0,0,0,baseTime
configuration,11.83,0,0,0,0,ekstaziAEC
configuration,36.89,2266,0,0,0,baseTime
configuration,10.17,0,0,0,0,ekstaziAEC
configuration,33.83,2266,0,0,0,baseTime
configuration,8.82,0,0,0,0,ekstaziAEC
configuration,33.22,2266,0,0,0,baseTime
configuration,8.98,0,0,0,0,ekstaziAEC
configuration,33.86,2266,0,0,0,baseTime
configuration,37.04,2266,0,0,0,ekstaziAEC
configuration,33.0,2266,0,0,0,baseTime
configuration,8.97,0,0,0,0,ekstaziAEC
configuration,33.41,2266,0,0,0,baseTime
configuration,9.29,0,0,0,0,ekstaziAEC
configuration,33.41,2266,0,0,0,baseTime
configuration,10.32,0,0,0,0,ekstaziAEC
configuration,33.29,2266,0,0,0,baseTime
configuration,9.1,0,0,0,0,ekstaziAEC
configuration,34.11,2266,0,0,0,baseTime
configuration,8.94,0,0,0,0,ekstaziAEC
configuration,33.73,2266,0,0,0,baseTime
configuration,8.89,0,0,0,0,ekstaziAEC
configuration,34.05,2266,0,0,0,baseTime
configuration,9.27,0,0,0,0,ekstaziAEC
configuration,34.74,2266,0,0,0,baseTime
configuration,9.6,0,0,0,0,ekstaziAEC
configuration,34.39,2266,0,0,0,baseTime
configuration,32.77,664,0,0,0,ekstaziAEC
configuration,33.51,2266,0,0,0,baseTime
configuration,9.44,0,0,0,0,ekstaziAEC
configuration,34.68,2266,0,0,0,baseTime
configuration,9.45,0,0,0,0,ekstaziAEC
configuration,34.5,2266,0,0,0,baseTime
configuration,37.04,1153,0,0,0,ekstaziAEC
dbcp,60.88,480,0,0,0,baseTime
dbcp,78.49,480,0,0,0,ekstaziAEC
dbcp,61.38,480,0,0,0,baseTime
dbcp,19.45,55,0,0,0,ekstaziAEC
dbcp,61.27,480,0,0,0,baseTime
dbcp,6.66,0,0,0,0,ekstaziAEC
dbcp,61.12,480,0,0,0,baseTime
dbcp,6.33,0,0,0,0,ekstaziAEC
dbcp,60.64,480,0,1,0,baseTime
dbcp,6.28,0,0,0,0,ekstaziAEC
dbcp-surefireNotFound,1.38,0,0,0,0,baseTime
dbcp-surefireNotFound,1.3,0,0,0,0,ekstaziAEC
dbcp-surefireNotFound,1.16,0,0,0,0,baseTime
dbcp-surefireNotFound,1.17,0,0,0,0,ekstaziAEC
dbcp-surefireNotFound,1.18,0,0,0,0,baseTime
dbcp-surefireNotFound,1.18,0,0,0,0,ekstaziAEC
dbcp-surefireNotFound,1.23,0,0,0,0,baseTime
dbcp-surefireNotFound,1.16,0,0,0,0,ekstaziAEC
dbcp,73.1,480,0,0,0,baseTime
dbcp,5.97,0,0,0,0,ekstaziAEC
dbcp,60.47,480,0,0,0,baseTime
dbcp,6.15,0,0,0,0,ekstaziAEC
dbcp,61.21,480,0,0,0,baseTime
dbcp,6.55,0,0,0,0,ekstaziAEC
dbcp,63.09,480,0,0,0,baseTime
dbcp,7.92,0,0,0,0,ekstaziAEC
dbcp,61.75,480,0,0,0,baseTime
dbcp,8.05,0,0,0,0,ekstaziAEC
dbcp,63.75,480,0,0,0,baseTime
dbcp,7.51,0,0,0,0,ekstaziAEC
dbcp,66.7,480,0,0,0,baseTime
dbcp,8.66,0,0,0,0,ekstaziAEC
dbcp,61.54,480,0,0,0,baseTime
dbcp,7.27,0,0,0,0,ekstaziAEC
dbcp,63.2,480,0,0,0,baseTime
dbcp,48.83,379,0,0,0,ekstaziAEC
dbcp,60.8,480,0,1,0,baseTime
dbcp,61.28,475,0,0,0,ekstaziAEC
dbcp,60.37,480,0,0,0,baseTime
dbcp,6.43,0,0,0,0,ekstaziAEC
empire-db-sub-empire-db,19.69,102,0,0,6,baseTime
empire-db-sub-empire-db-codegen,19.69,11,0,0,0,baseTime
empire-db-sub-empire-db,28.13,102,0,0,6,ekstaziAEC
empire-db-sub-empire-db-codegen,28.13,11,0,0,0,ekstaziAEC
empire-db-sub-empire-db,20.14,102,0,0,6,baseTime
empire-db-sub-empire-db-codegen,20.14,11,0,0,0,baseTime
empire-db-surefireNotFound,23.73,0,0,0,0,ekstaziAEC
empire-db-sub-empire-db,21.08,102,0,0,6,baseTime
empire-db-sub-empire-db-codegen,21.08,11,0,0,0,baseTime
empire-db-surefireNotFound,23.82,0,0,0,0,ekstaziAEC
empire-db-sub-empire-db,20.45,102,0,0,6,baseTime
empire-db-sub-empire-db-codegen,20.45,11,0,0,0,baseTime
empire-db-sub-empire-db,28.44,12,0,0,1,ekstaziAEC
empire-db-sub-empire-db-codegen,28.44,5,0,0,0,ekstaziAEC
empire-db-sub-empire-db,20.28,102,0,0,6,baseTime
empire-db-sub-empire-db-codegen,20.28,11,0,0,0,baseTime
empire-db-sub-empire-db,29.31,12,0,0,1,ekstaziAEC
empire-db-sub-empire-db-codegen,29.31,5,0,0,0,ekstaziAEC
empire-db-sub-empire-db,21.19,102,0,0,6,baseTime
empire-db-sub-empire-db-codegen,21.19,11,0,0,0,baseTime
empire-db-sub-empire-db,30.77,20,0,0,1,ekstaziAEC
empire-db-sub-empire-db-codegen,30.77,5,0,0,0,ekstaziAEC
empire-db-sub-empire-db,20.29,102,0,0,6,baseTime
empire-db-sub-empire-db-codegen,20.29,11,0,0,0,baseTime
empire-db-surefireNotFound,22.38,0,0,0,0,ekstaziAEC
empire-db-sub-empire-db,18.97,102,0,0,6,baseTime
empire-db-sub-empire-db-codegen,18.97,11,0,0,0,baseTime
empire-db-surefireNotFound,22.48,0,0,0,0,ekstaziAEC
empire-db-sub-empire-db,20.44,102,0,0,6,baseTime
empire-db-sub-empire-db-codegen,20.44,11,0,0,0,baseTime
empire-db-surefireNotFound,24.27,0,0,0,0,ekstaziAEC
empire-db-sub-empire-db,20.26,102,0,0,6,baseTime
empire-db-sub-empire-db-codegen,20.26,11,0,0,0,baseTime
empire-db-surefireNotFound,24.61,0,0,0,0,ekstaziAEC
empire-db-sub-empire-db,21.09,102,0,0,6,baseTime
empire-db-sub-empire-db-codegen,21.09,11,0,0,0,baseTime
empire-db-surefireNotFound,24.98,0,0,0,0,ekstaziAEC
empire-db-sub-empire-db,21.07,102,0,0,6,baseTime
empire-db-sub-empire-db-codegen,21.07,11,0,0,0,baseTime
empire-db-sub-empire-db,28.66,10,0,0,1,ekstaziAEC
empire-db-sub-empire-db-codegen,28.66,5,0,0,0,ekstaziAEC
empire-db-sub-empire-db,19.4,102,0,0,6,baseTime
empire-db-sub-empire-db-codegen,19.4,11,0,0,0,baseTime
empire-db-surefireNotFound,23.29,0,0,0,0,ekstaziAEC
empire-db-sub-empire-db,19.08,102,0,0,6,baseTime
empire-db-sub-empire-db-codegen,19.08,11,0,0,0,baseTime
empire-db-surefireNotFound,22.27,0,0,0,0,ekstaziAEC
empire-db-sub-empire-db,19.15,102,0,0,6,baseTime
empire-db-sub-empire-db-codegen,19.15,11,0,0,0,baseTime
empire-db-sub-empire-db,25.39,7,0,0,1,ekstaziAEC
empire-db-sub-empire-db,19.39,102,0,0,6,baseTime
empire-db-sub-empire-db-codegen,19.39,11,0,0,0,baseTime
empire-db-surefireNotFound,22.46,0,0,0,0,ekstaziAEC
empire-db-sub-empire-db,20.97,102,0,0,6,baseTime
empire-db-sub-empire-db-codegen,20.97,11,0,0,0,baseTime
empire-db-surefireNotFound,23.29,0,0,0,0,ekstaziAEC
empire-db-sub-empire-db,19.64,102,0,0,6,baseTime
empire-db-sub-empire-db-codegen,19.64,11,0,0,0,baseTime
empire-db-surefireNotFound,22.85,0,0,0,0,ekstaziAEC
empire-db-sub-empire-db,19.95,102,0,0,6,baseTime
empire-db-sub-empire-db-codegen,19.95,11,0,0,0,baseTime
empire-db-surefireNotFound,23.04,0,0,0,0,ekstaziAEC
empire-db-sub-empire-db,19.75,102,0,0,6,baseTime
empire-db-sub-empire-db-codegen,19.75,11,0,0,0,baseTime
empire-db-surefireNotFound,23.67,0,0,0,0,ekstaziAEC
graphhopper-sub-core,13.35,679,0,0,0,baseTime
graphhopper-sub-tools,13.35,1,0,0,0,baseTime
graphhopper-sub-web,13.35,5,0,0,0,baseTime
graphhopper-sub-core,17.83,679,0,0,0,ekstaziAEC
graphhopper-sub-tools,17.83,1,0,0,0,ekstaziAEC
graphhopper-sub-web,17.83,5,0,0,0,ekstaziAEC
graphhopper-sub-core,13.77,679,0,0,0,baseTime
graphhopper-sub-tools,13.77,1,0,0,0,baseTime
graphhopper-sub-web,13.77,5,0,0,0,baseTime
graphhopper-surefireNotFound,6.63,0,0,0,0,ekstaziAEC
graphhopper-sub-core,20.08,679,0,0,0,baseTime
graphhopper-sub-tools,20.08,1,0,0,0,baseTime
graphhopper-sub-web,20.08,5,0,0,0,baseTime
graphhopper-surefireNotFound,6.44,0,0,0,0,ekstaziAEC
graphhopper-sub-core,15.6,679,0,0,0,baseTime
graphhopper-sub-tools,15.6,1,0,0,0,baseTime
graphhopper-sub-web,15.6,5,0,0,0,baseTime
graphhopper-sub-core,22.08,562,0,0,0,ekstaziAEC
graphhopper-sub-web,22.08,3,0,0,0,ekstaziAEC
graphhopper-sub-core,13.75,679,0,0,0,baseTime
graphhopper-sub-tools,13.75,1,0,0,0,baseTime
graphhopper-sub-web,13.75,5,0,0,0,baseTime
graphhopper-sub-core,11.85,337,0,0,0,ekstaziAEC
graphhopper-sub-web,11.85,2,0,0,0,ekstaziAEC
graphhopper-sub-core,12.95,676,3,0,0,baseTime
graphhopper-sub-core,17.38,559,3,0,0,ekstaziAEC
graphhopper-sub-core,13.21,676,0,0,0,baseTime
graphhopper-sub-tools,13.21,1,0,0,0,baseTime
graphhopper-sub-web,13.21,5,0,0,0,baseTime
graphhopper-sub-core,7.65,14,0,0,0,ekstaziAEC
graphhopper-sub-web,7.65,3,0,0,0,ekstaziAEC
graphhopper-sub-core,17.5,679,0,0,0,baseTime
graphhopper-sub-tools,17.5,1,0,0,0,baseTime
graphhopper-sub-web,17.5,5,0,0,0,baseTime
graphhopper-sub-core,14.26,460,0,0,0,ekstaziAEC
graphhopper-sub-core,20.61,679,0,0,0,baseTime
graphhopper-sub-tools,20.61,1,0,0,0,baseTime
graphhopper-sub-web,20.61,5,0,0,0,baseTime
graphhopper-sub-core,7.98,65,0,0,0,ekstaziAEC
graphhopper-sub-core,15.18,679,0,0,0,baseTime
graphhopper-sub-tools,15.18,1,0,0,0,baseTime
graphhopper-sub-web,15.18,5,0,0,0,baseTime
graphhopper-surefireNotFound,6.73,0,0,0,0,ekstaziAEC
graphhopper-sub-core,12.94,679,3,0,0,baseTime
graphhopper-sub-core,7.14,60,3,0,0,ekstaziAEC
graphhopper-sub-core,18.0,679,0,0,0,baseTime
graphhopper-sub-tools,18.0,1,0,0,0,baseTime
graphhopper-sub-web,18.0,5,0,0,0,baseTime
graphhopper-sub-core,7.2,14,0,0,0,ekstaziAEC
graphhopper-sub-core,16.02,679,0,0,0,baseTime
graphhopper-sub-tools,16.02,1,0,0,0,baseTime
graphhopper-sub-web,16.02,5,0,0,0,baseTime
graphhopper-sub-core,8.68,23,0,0,0,ekstaziAEC
graphhopper-sub-core,15.85,676,0,0,0,baseTime
graphhopper-sub-tools,15.85,1,0,0,0,baseTime
graphhopper-sub-web,15.85,5,0,0,0,baseTime
graphhopper-sub-core,15.11,453,0,0,0,ekstaziAEC
graphhopper-sub-core,18.72,676,0,0,0,baseTime
graphhopper-sub-tools,18.72,1,0,0,0,baseTime
graphhopper-sub-web,18.72,5,0,0,0,baseTime
graphhopper-surefireNotFound,7.16,0,0,0,0,ekstaziAEC
graphhopper-sub-core,18.52,679,0,0,0,baseTime
graphhopper-sub-tools,18.52,1,0,0,0,baseTime
graphhopper-sub-web,18.52,5,0,0,0,baseTime
graphhopper-sub-core,14.51,460,0,0,0,ekstaziAEC
graphhopper-sub-core,16.71,679,0,0,0,baseTime
graphhopper-sub-tools,16.71,1,0,0,0,baseTime
graphhopper-sub-web,16.71,5,0,0,0,baseTime
graphhopper-surefireNotFound,7.33,0,0,0,0,ekstaziAEC
graphhopper-sub-core,18.95,679,0,0,0,baseTime
graphhopper-sub-tools,18.95,1,0,0,0,baseTime
graphhopper-sub-web,18.95,5,0,0,0,baseTime
graphhopper-surefireNotFound,7.22,0,0,0,0,ekstaziAEC
graphhopper-sub-core,14.8,687,0,0,0,baseTime
graphhopper-sub-tools,14.8,1,0,0,0,baseTime
graphhopper-sub-web,14.8,5,0,0,0,baseTime
graphhopper-sub-core,13.77,468,0,0,0,ekstaziAEC
graphhopper-sub-core,19.47,687,0,0,0,baseTime
graphhopper-sub-tools,19.47,1,0,0,0,baseTime
graphhopper-sub-web,19.47,5,0,0,0,baseTime
graphhopper-sub-core,8.46,58,0,0,0,ekstaziAEC
gs-collections-sub-collections-testutils,87.47,139,0,0,0,baseTime
gs-collections-sub-gs-collections-forkjoin,87.47,24,0,0,0,baseTime
gs-collections-sub-scala-unit-tests,87.47,1150,0,0,1,baseTime
gs-collections-sub-serialization-tests,87.47,1078,0,0,0,baseTime
gs-collections-sub-unit-tests,87.47,63482,0,0,14,baseTime
gs-collections-sub-collections-testutils,131.78,139,0,0,0,ekstaziAEC
gs-collections-sub-gs-collections-forkjoin,131.78,24,0,0,0,ekstaziAEC
gs-collections-sub-scala-unit-tests,131.78,1150,0,0,1,ekstaziAEC
gs-collections-sub-serialization-tests,131.78,151,0,0,0,ekstaziAEC
gs-collections-sub-unit-tests,131.78,63482,0,0,14,ekstaziAEC
gs-collections-sub-collections-testutils,87.79,139,0,0,0,baseTime
gs-collections-sub-gs-collections-forkjoin,87.79,24,0,0,0,baseTime
gs-collections-sub-scala-unit-tests,87.79,1150,0,0,1,baseTime
gs-collections-sub-serialization-tests,87.79,1078,0,0,0,baseTime
gs-collections-sub-unit-tests,87.79,63482,0,0,14,baseTime
gs-collections-surefireNotFound,77.47,0,0,0,0,ekstaziAEC
gs-collections-sub-collections-testutils,88.7,139,0,0,0,baseTime
gs-collections-sub-gs-collections-forkjoin,88.7,24,0,0,0,baseTime
gs-collections-sub-scala-unit-tests,88.7,1150,0,0,1,baseTime
gs-collections-sub-serialization-tests,88.7,1078,0,0,0,baseTime
gs-collections-sub-unit-tests,88.7,63482,0,0,14,baseTime
gs-collections-surefireNotFound,78.63,0,0,0,0,ekstaziAEC
gs-collections-sub-collections-testutils,83.84,139,0,0,0,baseTime
gs-collections-sub-gs-collections-forkjoin,83.84,24,0,0,0,baseTime
gs-collections-sub-scala-unit-tests,83.84,1150,0,0,1,baseTime
gs-collections-sub-serialization-tests,83.84,1078,0,0,0,baseTime
gs-collections-sub-unit-tests,83.84,63482,0,0,14,baseTime
gs-collections-surefireNotFound,69.78,0,0,0,0,ekstaziAEC
gs-collections-sub-collections-testutils,89.31,139,0,0,0,baseTime
gs-collections-sub-gs-collections-forkjoin,89.31,24,0,0,0,baseTime
gs-collections-sub-scala-unit-tests,89.31,1150,0,0,1,baseTime
gs-collections-sub-serialization-tests,89.31,1078,0,0,0,baseTime
gs-collections-sub-unit-tests,89.31,63482,0,0,14,baseTime
gs-collections-surefireNotFound,89.45,0,0,0,0,ekstaziAEC
gs-collections-sub-collections-testutils,121.08,139,0,0,0,baseTime
gs-collections-sub-gs-collections-forkjoin,121.08,24,0,0,0,baseTime
gs-collections-sub-scala-unit-tests,121.08,1150,0,0,1,baseTime
gs-collections-sub-serialization-tests,121.08,1078,0,0,0,baseTime
gs-collections-sub-unit-tests,121.08,63482,0,0,14,baseTime
gs-collections-surefireNotFound,110.0,0,0,0,0,ekstaziAEC
gs-collections-sub-collections-testutils,90.99,139,0,0,0,baseTime
gs-collections-sub-gs-collections-forkjoin,90.99,24,0,0,0,baseTime
gs-collections-sub-scala-unit-tests,90.99,1150,0,0,1,baseTime
gs-collections-sub-serialization-tests,90.99,1078,0,0,0,baseTime
gs-collections-sub-unit-tests,90.99,63482,0,0,14,baseTime
gs-collections-sub-scala-unit-tests,80.65,208,0,0,0,ekstaziAEC
gs-collections-sub-collections-testutils,89.85,139,0,0,0,baseTime
gs-collections-sub-gs-collections-forkjoin,89.85,24,0,0,0,baseTime
gs-collections-sub-scala-unit-tests,89.85,1150,0,0,1,baseTime
gs-collections-sub-serialization-tests,89.85,1078,0,0,0,baseTime
gs-collections-sub-unit-tests,89.85,63482,0,0,14,baseTime
gs-collections-sub-unit-tests,104.61,55112,0,0,14,ekstaziAEC
gs-collections-sub-collections-testutils,86.95,139,0,0,0,baseTime
gs-collections-sub-gs-collections-forkjoin,86.95,24,0,0,0,baseTime
gs-collections-sub-scala-unit-tests,86.95,1150,0,0,1,baseTime
gs-collections-sub-serialization-tests,86.95,1082,0,0,0,baseTime
gs-collections-sub-unit-tests,86.95,63482,0,0,14,baseTime
gs-collections-sub-gs-collections-forkjoin,111.56,24,0,0,0,ekstaziAEC
gs-collections-sub-scala-unit-tests,111.56,383,0,0,0,ekstaziAEC
gs-collections-sub-serialization-tests,111.56,4,0,0,0,ekstaziAEC
gs-collections-sub-unit-tests,111.56,60524,0,0,14,ekstaziAEC
gs-collections-sub-collections-testutils,83.29,139,0,0,0,baseTime
gs-collections-sub-gs-collections-forkjoin,83.29,24,0,0,0,baseTime
gs-collections-sub-scala-unit-tests,83.29,1150,0,0,1,baseTime
gs-collections-sub-serialization-tests,83.29,1082,0,0,0,baseTime
gs-collections-sub-unit-tests,83.29,64034,0,0,14,baseTime
gs-collections-sub-unit-tests,78.98,14938,0,0,0,ekstaziAEC
gs-collections-sub-collections-testutils,84.05,139,0,0,0,baseTime
gs-collections-sub-gs-collections-forkjoin,84.05,24,0,0,0,baseTime
gs-collections-sub-scala-unit-tests,84.05,1150,0,0,1,baseTime
gs-collections-sub-serialization-tests,84.05,1082,0,0,0,baseTime
gs-collections-sub-unit-tests,84.05,64608,0,0,14,baseTime
gs-collections-sub-gs-collections-forkjoin,108.71,24,0,0,0,ekstaziAEC
gs-collections-sub-scala-unit-tests,108.71,383,0,0,0,ekstaziAEC
gs-collections-sub-unit-tests,108.71,61650,0,0,14,ekstaziAEC
gs-collections-sub-collections-testutils,85.11,139,0,0,0,baseTime
gs-collections-sub-gs-collections-forkjoin,85.11,24,0,0,0,baseTime
gs-collections-sub-scala-unit-tests,85.11,1150,0,0,1,baseTime
gs-collections-sub-serialization-tests,85.11,1082,0,0,0,baseTime
gs-collections-sub-unit-tests,85.11,64678,0,0,14,baseTime
gs-collections-sub-unit-tests,79.9,9338,0,0,0,ekstaziAEC
gs-collections-sub-collections-testutils,88.61,139,0,0,0,baseTime
gs-collections-sub-gs-collections-forkjoin,88.61,24,0,0,0,baseTime
gs-collections-sub-scala-unit-tests,88.61,1150,0,0,1,baseTime
gs-collections-sub-serialization-tests,88.61,1082,0,0,0,baseTime
gs-collections-sub-unit-tests,88.61,64926,0,0,14,baseTime
gs-collections-sub-unit-tests,102.07,57478,0,0,14,ekstaziAEC
gs-collections-sub-collections-testutils,85.29,139,0,0,0,baseTime
gs-collections-sub-gs-collections-forkjoin,85.29,24,0,0,0,baseTime
gs-collections-sub-scala-unit-tests,85.29,1150,0,0,1,baseTime
gs-collections-sub-serialization-tests,85.29,1090,0,0,0,baseTime
gs-collections-sub-unit-tests,85.29,64942,0,0,14,baseTime
gs-collections-sub-gs-collections-forkjoin,92.2,24,0,0,0,ekstaziAEC
gs-collections-sub-scala-unit-tests,92.2,361,0,0,1,ekstaziAEC
gs-collections-sub-unit-tests,92.2,18249,0,0,14,ekstaziAEC
gs-collections-sub-collections-testutils,88.46,139,0,0,0,baseTime
gs-collections-sub-gs-collections-forkjoin,88.46,24,0,0,0,baseTime
gs-collections-sub-scala-unit-tests,88.46,1150,0,0,1,baseTime
gs-collections-sub-serialization-tests,88.46,1090,0,0,0,baseTime
gs-collections-sub-unit-tests,88.46,64942,0,0,14,baseTime
gs-collections-sub-scala-unit-tests,82.23,208,0,0,0,ekstaziAEC
gs-collections-sub-collections-testutils,86.06,139,0,0,0,baseTime
gs-collections-sub-gs-collections-forkjoin,86.06,24,0,0,0,baseTime
gs-collections-sub-scala-unit-tests,86.06,1150,0,0,1,baseTime
gs-collections-sub-serialization-tests,86.06,1092,0,0,0,baseTime
gs-collections-sub-unit-tests,86.06,65358,0,0,14,baseTime
gs-collections-sub-serialization-tests,78.62,2,0,0,0,ekstaziAEC
gs-collections-sub-unit-tests,78.62,2497,0,0,14,ekstaziAEC
gs-collections-sub-collections-testutils,91.55,139,0,0,0,baseTime
gs-collections-sub-gs-collections-forkjoin,91.55,24,0,0,0,baseTime
gs-collections-sub-scala-unit-tests,91.55,1150,0,0,1,baseTime
gs-collections-sub-serialization-tests,91.55,1096,0,0,0,baseTime
gs-collections-sub-unit-tests,91.55,65635,0,0,14,baseTime
gs-collections-sub-collections-testutils,132.53,139,0,0,0,ekstaziAEC
gs-collections-sub-gs-collections-forkjoin,132.53,24,0,0,0,ekstaziAEC
gs-collections-sub-scala-unit-tests,132.53,1138,0,0,1,ekstaziAEC
gs-collections-sub-serialization-tests,132.53,159,0,0,0,ekstaziAEC
gs-collections-sub-unit-tests,132.53,65341,0,0,14,ekstaziAEC
gs-collections-sub-collections-testutils,88.9,139,0,0,0,baseTime
gs-collections-sub-gs-collections-forkjoin,88.9,24,0,0,0,baseTime
gs-collections-sub-scala-unit-tests,88.9,1150,0,0,1,baseTime
gs-collections-sub-serialization-tests,88.9,1096,0,0,0,baseTime
gs-collections-sub-unit-tests,88.9,65635,0,0,14,baseTime
gs-collections-surefireNotFound,79.6,0,0,0,0,ekstaziAEC
gs-collections-sub-collections-testutils,86.05,139,0,0,0,baseTime
gs-collections-sub-gs-collections-forkjoin,86.05,24,0,0,0,baseTime
gs-collections-sub-scala-unit-tests,86.05,1150,0,0,1,baseTime
gs-collections-sub-serialization-tests,86.05,1096,0,0,0,baseTime
gs-collections-sub-unit-tests,86.05,65635,0,0,14,baseTime
gs-collections-surefireNotFound,73.0,0,0,0,0,ekstaziAEC
gs-collections-sub-collections-testutils,83.67,139,0,0,0,baseTime
gs-collections-sub-gs-collections-forkjoin,83.67,24,0,0,0,baseTime
gs-collections-sub-scala-unit-tests,83.67,1150,0,0,1,baseTime
gs-collections-sub-serialization-tests,83.67,1096,0,0,0,baseTime
gs-collections-sub-unit-tests,83.67,65635,0,0,14,baseTime
gs-collections-surefireNotFound,78.8,0,0,0,0,ekstaziAEC
io,90.76,1031,0,0,3,baseTime
io,108.04,1031,0,0,3,ekstaziAEC
io,89.13,1031,0,0,3,baseTime
io,6.16,0,0,0,0,ekstaziAEC
io,92.71,1031,0,0,3,baseTime
io,7.75,45,0,0,1,ekstaziAEC
io,91.09,1031,0,0,3,baseTime
io,7.44,0,0,0,0,ekstaziAEC
io,91.6,1031,0,0,3,baseTime
io,9.34,68,0,0,1,ekstaziAEC
io,91.51,1031,0,0,3,baseTime
io,7.09,2,0,0,0,ekstaziAEC
io,91.66,1031,0,0,3,baseTime
io,86.37,527,0,0,0,ekstaziAEC
io,88.78,1031,0,0,3,baseTime
io,80.3,564,0,0,0,ekstaziAEC
io,88.81,1031,0,0,3,baseTime
io,8.3,70,0,0,1,ekstaziAEC
io,88.45,1031,0,0,3,baseTime
io,6.88,30,0,0,2,ekstaziAEC
io,88.22,1031,0,0,3,baseTime
io,91.44,627,0,0,1,ekstaziAEC
io,91.27,1031,0,0,3,baseTime
io,7.15,0,0,0,0,ekstaziAEC
io,90.94,1031,0,0,3,baseTime
io,6.41,0,0,0,0,ekstaziAEC
io,91.0,1031,0,0,3,baseTime
io,6.48,0,0,0,0,ekstaziAEC
io,90.28,1031,0,0,3,baseTime
io,6.74,0,0,0,0,ekstaziAEC
io,90.79,1031,0,0,3,baseTime
io,7.17,0,0,0,0,ekstaziAEC
io,90.19,1031,0,0,3,baseTime
io,7.4,0,0,0,0,ekstaziAEC
io,92.86,1031,0,0,3,baseTime
io,6.65,0,0,0,0,ekstaziAEC
io,89.33,1031,0,0,3,baseTime
io,6.4,0,0,0,0,ekstaziAEC
io,89.31,1031,0,0,3,baseTime
io,7.34,28,0,0,0,ekstaziAEC
jfreechart,12.02,2175,0,0,1,baseTime
jfreechart,10.55,6,0,0,1,ekstaziAEC
jfreechart,15.26,2205,0,0,0,baseTime
jfreechart,14.48,31,0,0,0,ekstaziAEC
jfreechart,15.78,2205,0,0,0,baseTime
jfreechart-surefireNotFound,11.88,0,0,0,0,ekstaziAEC
jfreechart,15.49,2205,0,0,0,baseTime
jfreechart,11.75,5,0,0,0,ekstaziAEC
jfreechart,13.93,2205,0,0,0,baseTime
jfreechart-surefireNotFound,10.98,0,0,0,0,ekstaziAEC
jfreechart,15.68,2205,0,0,0,baseTime
jfreechart-surefireNotFound,11.13,0,0,0,0,ekstaziAEC
jfreechart,15.81,2205,0,0,0,baseTime
jfreechart-surefireNotFound,11.53,0,0,0,0,ekstaziAEC
jfreechart,15.95,2205,0,0,0,baseTime
jfreechart,12.27,18,0,0,0,ekstaziAEC
jfreechart,15.12,2205,0,0,0,baseTime
jfreechart-surefireNotFound,11.1,0,0,0,0,ekstaziAEC
jfreechart,16.75,2205,0,0,0,baseTime
jfreechart-surefireNotFound,11.45,0,0,0,0,ekstaziAEC
jfreechart,14.92,2205,0,0,0,baseTime
jfreechart-surefireNotFound,11.49,0,0,0,0,ekstaziAEC
jfreechart,15.95,2205,0,0,0,baseTime
jfreechart-surefireNotFound,11.48,0,0,0,0,ekstaziAEC
jfreechart,15.04,2205,0,0,0,baseTime
jfreechart-surefireNotFound,11.18,0,0,0,0,ekstaziAEC
jfreechart,16.02,2205,0,0,0,baseTime
jfreechart-surefireNotFound,12.11,0,0,0,0,ekstaziAEC
jfreechart,16.53,2205,0,0,0,baseTime
jfreechart-surefireNotFound,11.39,0,0,0,0,ekstaziAEC
jfreechart,15.7,2205,0,0,0,baseTime
jfreechart-surefireNotFound,12.15,0,0,0,0,ekstaziAEC
jfreechart,20.44,2205,0,0,0,baseTime
jfreechart-surefireNotFound,10.87,0,0,0,0,ekstaziAEC
jfreechart,14.74,2205,0,0,0,baseTime
jfreechart-surefireNotFound,11.16,0,0,0,0,ekstaziAEC
jfreechart,15.76,2205,0,0,0,baseTime
jfreechart,12.3,21,0,0,0,ekstaziAEC
jfreechart,15.83,2205,0,0,0,baseTime
jfreechart,13.11,14,0,0,0,ekstaziAEC
jgit-surefireNotFound,139.26,0,0,0,0,baseTime
jgit-sub-org.eclipse.jgit.ant.test,549.65,6,0,0,0,ekstaziAEC
jgit-sub-org.eclipse.jgit.http.test,549.65,43,0,0,0,ekstaziAEC
jgit-sub-org.eclipse.jgit.storage.dht.test,549.65,20,0,0,0,ekstaziAEC
jgit-sub-org.eclipse.jgit.test,549.65,2162,0,0,1,ekstaziAEC
jgit-sub-org.eclipse.jgit.ant.test,112.1,6,0,0,0,baseTime
jgit-sub-org.eclipse.jgit.http.test,112.1,43,0,0,0,baseTime
jgit-sub-org.eclipse.jgit.storage.dht.test,112.1,20,0,0,0,baseTime
jgit-sub-org.eclipse.jgit.test,112.1,2162,0,0,1,baseTime
jgit-sub-org.eclipse.jgit.ant.test,126.93,6,0,0,0,ekstaziAEC
jgit-sub-org.eclipse.jgit.http.test,126.93,41,0,0,0,ekstaziAEC
jgit-sub-org.eclipse.jgit.storage.dht.test,126.93,6,0,0,0,ekstaziAEC
jgit-sub-org.eclipse.jgit.test,126.93,1339,0,0,1,ekstaziAEC
jgit-sub-org.eclipse.jgit.ant.test,129.13,6,0,0,0,baseTime
jgit-sub-org.eclipse.jgit.http.test,129.13,43,0,0,0,baseTime
jgit-sub-org.eclipse.jgit.storage.dht.test,129.13,20,0,0,0,baseTime
jgit-sub-org.eclipse.jgit.test,129.13,2163,0,0,1,baseTime
jgit-sub-org.eclipse.jgit.ant.test,40.2,6,0,0,0,ekstaziAEC
jgit-sub-org.eclipse.jgit.test,40.2,62,0,0,0,ekstaziAEC
jgit-sub-org.eclipse.jgit.ant.test,122.04,6,0,0,0,baseTime
jgit-sub-org.eclipse.jgit.http.test,122.04,43,0,0,0,baseTime
jgit-sub-org.eclipse.jgit.storage.dht.test,122.04,20,0,0,0,baseTime
jgit-sub-org.eclipse.jgit.test,122.04,2162,0,0,1,baseTime
jgit-sub-org.eclipse.jgit.ant.test,120.73,6,0,0,0,ekstaziAEC
jgit-sub-org.eclipse.jgit.http.test,120.73,37,0,0,0,ekstaziAEC
jgit-sub-org.eclipse.jgit.storage.dht.test,120.73,4,0,0,0,ekstaziAEC
jgit-sub-org.eclipse.jgit.test,120.73,1234,0,0,0,ekstaziAEC
jgit-sub-org.eclipse.jgit.ant.test,121.23,6,0,0,0,baseTime
jgit-sub-org.eclipse.jgit.http.test,121.23,43,0,0,0,baseTime
jgit-sub-org.eclipse.jgit.storage.dht.test,121.23,20,0,0,0,baseTime
jgit-sub-org.eclipse.jgit.test,121.23,2162,0,0,1,baseTime
jgit-sub-org.eclipse.jgit.ant.test,127.08,6,0,0,0,ekstaziAEC
jgit-sub-org.eclipse.jgit.http.test,127.08,37,0,0,0,ekstaziAEC
jgit-sub-org.eclipse.jgit.storage.dht.test,127.08,4,0,0,0,ekstaziAEC
jgit-sub-org.eclipse.jgit.test,127.08,1234,0,0,0,ekstaziAEC
jgit-sub-org.eclipse.jgit.ant.test,123.94,6,0,0,0,baseTime
jgit-sub-org.eclipse.jgit.http.test,123.94,43,0,0,0,baseTime
jgit-sub-org.eclipse.jgit.storage.dht.test,123.94,20,0,0,0,baseTime
jgit-sub-org.eclipse.jgit.test,123.94,2162,0,0,1,baseTime
jgit-sub-org.eclipse.jgit.ant.test,115.44,6,0,0,0,ekstaziAEC
jgit-sub-org.eclipse.jgit.http.test,115.44,37,0,0,0,ekstaziAEC
jgit-sub-org.eclipse.jgit.storage.dht.test,115.44,3,0,0,0,ekstaziAEC
jgit-sub-org.eclipse.jgit.test,115.44,1611,0,0,1,ekstaziAEC
jgit-sub-org.eclipse.jgit.ant.test,124.84,6,0,0,0,baseTime
jgit-sub-org.eclipse.jgit.http.test,124.84,43,0,0,0,baseTime
jgit-sub-org.eclipse.jgit.storage.dht.test,124.84,20,0,0,0,baseTime
jgit-sub-org.eclipse.jgit.test,124.84,2162,0,0,1,baseTime
jgit-sub-org.eclipse.jgit.ant.test,119.59,6,0,0,0,ekstaziAEC
jgit-sub-org.eclipse.jgit.http.test,119.59,37,0,0,0,ekstaziAEC
jgit-sub-org.eclipse.jgit.storage.dht.test,119.59,6,0,0,0,ekstaziAEC
jgit-sub-org.eclipse.jgit.test,119.59,1682,0,0,1,ekstaziAEC
jgit-sub-org.eclipse.jgit.ant.test,116.27,6,0,0,0,baseTime
jgit-sub-org.eclipse.jgit.http.test,116.27,43,0,0,0,baseTime
jgit-sub-org.eclipse.jgit.storage.dht.test,116.27,20,0,0,0,baseTime
jgit-sub-org.eclipse.jgit.test,116.27,2162,0,0,1,baseTime
jgit-sub-org.eclipse.jgit.ant.test,114.1,6,0,0,0,ekstaziAEC
jgit-sub-org.eclipse.jgit.http.test,114.1,37,0,0,0,ekstaziAEC
jgit-sub-org.eclipse.jgit.storage.dht.test,114.1,6,0,0,0,ekstaziAEC
jgit-sub-org.eclipse.jgit.test,114.1,1678,0,0,1,ekstaziAEC
jgit-sub-org.eclipse.jgit.ant.test,114.95,6,0,0,0,baseTime
jgit-sub-org.eclipse.jgit.http.test,114.95,43,0,0,0,baseTime
jgit-sub-org.eclipse.jgit.storage.dht.test,114.95,20,0,0,0,baseTime
jgit-sub-org.eclipse.jgit.test,114.95,2162,0,0,1,baseTime
jgit-surefireNotFound,25.45,0,0,0,0,ekstaziAEC
jgit-sub-org.eclipse.jgit.ant.test,120.1,6,0,0,0,baseTime
jgit-sub-org.eclipse.jgit.http.test,120.1,43,0,0,0,baseTime
jgit-sub-org.eclipse.jgit.storage.dht.test,120.1,20,0,0,0,baseTime
jgit-sub-org.eclipse.jgit.test,120.1,2162,0,0,1,baseTime
jgit-sub-org.eclipse.jgit.ant.test,118.61,6,0,0,0,ekstaziAEC
jgit-sub-org.eclipse.jgit.http.test,118.61,37,0,0,0,ekstaziAEC
jgit-sub-org.eclipse.jgit.storage.dht.test,118.61,6,0,0,0,ekstaziAEC
jgit-sub-org.eclipse.jgit.test,118.61,1274,0,0,0,ekstaziAEC
jgit-sub-org.eclipse.jgit.ant.test,118.02,6,0,0,0,baseTime
jgit-sub-org.eclipse.jgit.http.test,118.02,43,0,0,0,baseTime
jgit-sub-org.eclipse.jgit.storage.dht.test,118.02,20,0,0,0,baseTime
jgit-sub-org.eclipse.jgit.test,118.02,2162,0,0,1,baseTime
jgit-sub-org.eclipse.jgit.test,49.7,111,0,0,0,ekstaziAEC
jgit-sub-org.eclipse.jgit.ant.test,121.49,6,0,0,0,baseTime
jgit-sub-org.eclipse.jgit.http.test,121.49,43,0,0,0,baseTime
jgit-sub-org.eclipse.jgit.storage.dht.test,121.49,20,0,0,0,baseTime
jgit-sub-org.eclipse.jgit.test,121.49,2163,0,0,1,baseTime
jgit-sub-org.eclipse.jgit.ant.test,37.77,6,0,0,0,ekstaziAEC
jgit-sub-org.eclipse.jgit.test,37.77,62,0,0,0,ekstaziAEC
jgit-sub-org.eclipse.jgit.ant.test,117.76,6,0,0,0,baseTime
jgit-sub-org.eclipse.jgit.http.test,117.76,43,0,0,0,baseTime
jgit-sub-org.eclipse.jgit.storage.dht.test,117.76,20,0,0,0,baseTime
jgit-sub-org.eclipse.jgit.test,117.76,2162,0,0,1,baseTime
jgit-sub-org.eclipse.jgit.ant.test,117.87,6,0,0,0,ekstaziAEC
jgit-sub-org.eclipse.jgit.http.test,117.87,41,0,0,0,ekstaziAEC
jgit-sub-org.eclipse.jgit.storage.dht.test,117.87,6,0,0,0,ekstaziAEC
jgit-sub-org.eclipse.jgit.test,117.87,1704,0,0,1,ekstaziAEC
jgit-sub-org.eclipse.jgit.ant.test,114.48,6,0,0,0,baseTime
jgit-sub-org.eclipse.jgit.http.test,114.48,43,0,0,0,baseTime
jgit-sub-org.eclipse.jgit.storage.dht.test,114.48,20,0,0,0,baseTime
jgit-sub-org.eclipse.jgit.test,114.48,2162,0,0,1,baseTime
jgit-sub-org.eclipse.jgit.test,68.66,501,0,0,0,ekstaziAEC
jgit-sub-org.eclipse.jgit.ant.test,123.21,6,0,0,0,baseTime
jgit-sub-org.eclipse.jgit.http.test,123.21,43,0,0,0,baseTime
jgit-sub-org.eclipse.jgit.storage.dht.test,123.21,20,0,0,0,baseTime
jgit-sub-org.eclipse.jgit.test,123.21,2163,0,0,1,baseTime
jgit-sub-org.eclipse.jgit.ant.test,121.94,6,0,0,0,ekstaziAEC
jgit-sub-org.eclipse.jgit.http.test,121.94,41,0,0,0,ekstaziAEC
jgit-sub-org.eclipse.jgit.storage.dht.test,121.94,6,0,0,0,ekstaziAEC
jgit-sub-org.eclipse.jgit.test,121.94,1705,0,0,1,ekstaziAEC
jgit-sub-org.eclipse.jgit.ant.test,121.93,6,0,0,0,baseTime
jgit-sub-org.eclipse.jgit.http.test,121.93,43,0,0,0,baseTime
jgit-sub-org.eclipse.jgit.storage.dht.test,121.93,20,0,0,0,baseTime
jgit-sub-org.eclipse.jgit.test,121.93,2163,0,0,1,baseTime
jgit-sub-org.eclipse.jgit.test,65.47,501,0,0,0,ekstaziAEC
jgit-sub-org.eclipse.jgit.ant.test,120.1,6,0,0,0,baseTime
jgit-sub-org.eclipse.jgit.http.test,120.1,43,0,0,0,baseTime
jgit-sub-org.eclipse.jgit.storage.dht.test,120.1,20,0,0,0,baseTime
jgit-sub-org.eclipse.jgit.test,120.1,2163,0,0,1,baseTime
jgit-sub-org.eclipse.jgit.test,37.17,43,0,0,0,ekstaziAEC
jgit-sub-org.eclipse.jgit.ant.test,116.52,6,0,0,0,baseTime
jgit-sub-org.eclipse.jgit.http.test,116.52,43,0,0,0,baseTime
jgit-sub-org.eclipse.jgit.storage.dht.test,116.52,20,0,0,0,baseTime
jgit-sub-org.eclipse.jgit.test,116.52,2162,0,0,1,baseTime
jgit-sub-org.eclipse.jgit.ant.test,112.6,6,0,0,0,ekstaziAEC
jgit-sub-org.eclipse.jgit.http.test,112.6,41,0,0,0,ekstaziAEC
jgit-sub-org.eclipse.jgit.storage.dht.test,112.6,6,0,0,0,ekstaziAEC
jgit-sub-org.eclipse.jgit.test,112.6,1704,0,0,1,ekstaziAEC
jgit-sub-org.eclipse.jgit.ant.test,118.22,6,0,0,0,baseTime
jgit-sub-org.eclipse.jgit.http.test,118.22,43,0,0,0,baseTime
jgit-sub-org.eclipse.jgit.storage.dht.test,118.22,20,0,0,0,baseTime
jgit-sub-org.eclipse.jgit.test,118.22,2163,0,0,1,baseTime
jgit-sub-org.eclipse.jgit.ant.test,113.18,6,0,0,0,ekstaziAEC
jgit-sub-org.eclipse.jgit.http.test,113.18,41,0,0,0,ekstaziAEC
jgit-sub-org.eclipse.jgit.storage.dht.test,113.18,6,0,0,0,ekstaziAEC
jgit-sub-org.eclipse.jgit.test,113.18,1705,0,0,1,ekstaziAEC
jgit-sub-org.eclipse.jgit.ant.test,122.96,6,0,0,0,baseTime
jgit-sub-org.eclipse.jgit.http.test,122.96,43,0,0,0,baseTime
jgit-sub-org.eclipse.jgit.storage.dht.test,122.96,20,0,0,0,baseTime
jgit-sub-org.eclipse.jgit.test,122.96,2163,0,0,1,baseTime
jgit-sub-org.eclipse.jgit.http.test,101.42,18,0,0,0,ekstaziAEC
jgit-sub-org.eclipse.jgit.test,101.42,606,0,0,0,ekstaziAEC
lang,23.97,2491,1,2,4,baseTime
lang,23.86,2491,1,2,4,ekstaziAEC
lang,21.8,2491,1,2,4,baseTime
lang-surefireNotFound,8.47,0,0,0,0,ekstaziAEC
lang,22.34,2491,1,2,4,baseTime
lang,12.93,217,0,2,0,ekstaziAEC
lang,21.99,2491,1,2,4,baseTime
lang,11.3,505,1,0,0,ekstaziAEC
lang,21.85,2491,1,2,4,baseTime
lang,10.22,505,1,0,0,ekstaziAEC
lang,21.8,2491,1,2,4,baseTime
lang-surefireNotFound,8.65,0,0,0,0,ekstaziAEC
lang,21.92,2491,1,2,4,baseTime
lang-surefireNotFound,8.3,0,0,0,0,ekstaziAEC
lang,22.01,2491,1,2,4,baseTime
lang,8.88,9,0,0,0,ekstaziAEC
lang,21.92,2491,1,2,4,baseTime
lang,15.37,1147,1,0,0,ekstaziAEC
lang,21.93,2491,1,2,4,baseTime
lang,10.41,505,1,0,0,ekstaziAEC
lang,22.14,2491,1,2,4,baseTime
lang,8.68,82,0,0,0,ekstaziAEC
lang,21.56,2492,1,2,4,baseTime
lang,8.96,176,0,0,0,ekstaziAEC
lang,21.82,2493,1,2,4,baseTime
lang,8.73,177,0,0,0,ekstaziAEC
lang,22.81,2493,1,2,4,baseTime
lang-surefireNotFound,8.59,0,0,0,0,ekstaziAEC
lang,22.0,2493,1,2,4,baseTime
lang-surefireNotFound,8.37,0,0,0,0,ekstaziAEC
lang,22.09,2493,1,2,4,baseTime
lang-surefireNotFound,8.59,0,0,0,0,ekstaziAEC
lang,22.15,2493,1,2,4,baseTime
lang,14.09,474,0,2,0,ekstaziAEC
lang,22.44,2493,1,2,4,baseTime
lang,9.87,42,0,0,0,ekstaziAEC
lang,21.65,2493,1,2,4,baseTime
lang,12.58,117,0,2,0,ekstaziAEC
lang,22.03,2493,1,2,4,baseTime
lang,9.58,159,0,0,0,ekstaziAEC
log4j,126.95,238,0,0,0,baseTime
log4j,119.05,238,16,0,0,ekstaziAEC
log4j,111.1,238,0,0,0,baseTime
log4j,9.9,43,0,0,0,ekstaziAEC
log4j,101.23,238,0,0,0,baseTime
log4j,9.87,43,0,0,0,ekstaziAEC
log4j,101.49,238,0,0,0,baseTime
log4j,10.08,43,0,0,0,ekstaziAEC
log4j,100.91,238,0,0,0,baseTime
log4j,10.02,43,0,0,0,ekstaziAEC
log4j,101.51,238,0,0,0,baseTime
log4j,10.23,43,0,0,0,ekstaziAEC
log4j,100.44,238,0,0,0,baseTime
log4j,10.11,43,0,0,0,ekstaziAEC
log4j,100.72,238,0,0,0,baseTime
log4j,10.03,43,0,0,0,ekstaziAEC
log4j,100.63,238,0,0,0,baseTime
log4j,9.67,43,0,0,0,ekstaziAEC
log4j,99.98,238,0,0,0,baseTime
log4j,9.67,43,0,0,0,ekstaziAEC
log4j,101.62,238,0,0,0,baseTime
log4j,10.22,43,0,0,0,ekstaziAEC
log4j,100.48,238,0,0,0,baseTime
log4j,10.08,43,0,0,0,ekstaziAEC
log4j,98.76,238,0,0,0,baseTime
log4j,9.82,43,0,0,0,ekstaziAEC
log4j,100.11,238,0,0,0,baseTime
log4j,10.03,43,0,0,0,ekstaziAEC
log4j,97.59,238,0,0,0,baseTime
log4j,10.85,43,0,0,0,ekstaziAEC
log4j,94.45,238,0,0,0,baseTime
log4j,10.7,43,0,0,0,ekstaziAEC
log4j,99.35,238,0,0,0,baseTime
log4j,11.27,43,0,0,0,ekstaziAEC
log4j,98.79,238,0,0,0,baseTime
log4j,11.17,43,0,0,0,ekstaziAEC
log4j,98.44,238,0,0,0,baseTime
log4j,12.9,43,0,0,0,ekstaziAEC
log4j,79.19,238,0,0,0,baseTime
log4j,11.05,43,0,0,0,ekstaziAEC
net,67.47,201,0,0,19,baseTime
net,65.24,201,0,0,19,ekstaziAEC
net-surefireNotFound,1.31,0,0,0,0,baseTime
net-surefireNotFound,1.35,0,0,0,0,ekstaziAEC
net,65.46,215,0,0,19,baseTime
net,7.07,17,0,0,0,ekstaziAEC
net,64.68,215,0,0,19,baseTime
net-surefireNotFound,5.89,0,0,0,0,ekstaziAEC
net,64.99,215,0,0,19,baseTime
net-surefireNotFound,6.27,0,0,0,0,ekstaziAEC
net,65.55,215,0,0,19,baseTime
net-surefireNotFound,6.02,0,0,0,0,ekstaziAEC
net,64.67,215,0,0,19,baseTime
net-surefireNotFound,6.26,0,0,0,0,ekstaziAEC
net,64.89,215,0,0,19,baseTime
net-surefireNotFound,6.56,0,0,0,0,ekstaziAEC
net,65.22,215,0,0,19,baseTime
net-surefireNotFound,6.37,0,0,0,0,ekstaziAEC
net,65.56,215,0,0,19,baseTime
net-surefireNotFound,6.37,0,0,0,0,ekstaziAEC
net,64.3,215,0,0,19,baseTime
net,7.07,70,0,0,0,ekstaziAEC
net,65.31,215,0,0,19,baseTime
net,7.5,70,0,0,0,ekstaziAEC
net,64.43,216,0,0,19,baseTime
net,7.08,14,0,0,0,ekstaziAEC
net,66.79,217,0,0,19,baseTime
net,6.38,1,0,0,0,ekstaziAEC
net,65.62,216,0,0,19,baseTime
net,6.26,11,0,0,0,ekstaziAEC
net,65.97,216,0,0,19,baseTime
net-surefireNotFound,5.81,0,0,0,0,ekstaziAEC
net,65.43,216,0,0,19,baseTime
net-surefireNotFound,5.7,0,0,0,0,ekstaziAEC
net,66.0,216,0,0,19,baseTime
net-surefireNotFound,5.74,0,0,0,0,ekstaziAEC
net,65.59,216,0,0,19,baseTime
net-surefireNotFound,6.83,0,0,0,0,ekstaziAEC
net,66.22,216,0,0,19,baseTime
net,7.73,2,0,0,0,ekstaziAEC
pdfbox-sub-fontbox,126.88,7,0,0,0,baseTime
pdfbox-sub-jempbox,126.88,11,0,0,0,baseTime
pdfbox-sub-xmpbox,126.88,593,0,0,0,baseTime
pdfbox-sub-fontbox,8.33,7,0,0,0,ekstaziAEC
pdfbox-sub-jempbox,8.33,11,0,0,0,ekstaziAEC
pdfbox-sub-xmpbox,8.33,593,0,0,0,ekstaziAEC
pdfbox-sub-fontbox,6.89,7,0,0,0,baseTime
pdfbox-sub-jempbox,6.89,11,0,0,0,baseTime
pdfbox-sub-xmpbox,6.89,593,0,0,0,baseTime
pdfbox-surefireNotFound,6.16,0,0,0,0,ekstaziAEC
pdfbox-sub-fontbox,7.81,7,0,0,0,baseTime
pdfbox-sub-jempbox,7.81,11,0,0,0,baseTime
pdfbox-sub-xmpbox,7.81,593,0,0,0,baseTime
pdfbox-surefireNotFound,6.71,0,0,0,0,ekstaziAEC
pdfbox-sub-fontbox,7.23,7,0,0,0,baseTime
pdfbox-sub-jempbox,7.23,11,0,0,0,baseTime
pdfbox-sub-xmpbox,7.23,593,0,0,0,baseTime
pdfbox-surefireNotFound,6.54,0,0,0,0,ekstaziAEC
pdfbox-sub-fontbox,7.47,7,0,0,0,baseTime
pdfbox-sub-jempbox,7.47,11,0,0,0,baseTime
pdfbox-sub-xmpbox,7.47,593,0,0,0,baseTime
pdfbox-surefireNotFound,6.71,0,0,0,0,ekstaziAEC
pdfbox-sub-fontbox,7.15,7,0,0,0,baseTime
pdfbox-sub-jempbox,7.15,11,0,0,0,baseTime
pdfbox-sub-xmpbox,7.15,593,0,0,0,baseTime
pdfbox-surefireNotFound,6.38,0,0,0,0,ekstaziAEC
pdfbox-sub-fontbox,6.84,7,0,0,0,baseTime
pdfbox-sub-jempbox,6.84,11,0,0,0,baseTime
pdfbox-sub-xmpbox,6.84,593,0,0,0,baseTime
pdfbox-surefireNotFound,6.95,0,0,0,0,ekstaziAEC
pdfbox-sub-fontbox,7.12,7,0,0,0,baseTime
pdfbox-sub-jempbox,7.12,11,0,0,0,baseTime
pdfbox-sub-xmpbox,7.12,593,0,0,0,baseTime
pdfbox-surefireNotFound,6.19,0,0,0,0,ekstaziAEC
pdfbox-sub-fontbox,6.66,7,0,0,0,baseTime
pdfbox-sub-jempbox,6.66,11,0,0,0,baseTime
pdfbox-sub-xmpbox,6.66,593,0,0,0,baseTime
pdfbox-surefireNotFound,5.97,0,0,0,0,ekstaziAEC
pdfbox-sub-fontbox,7.16,7,0,0,0,baseTime
pdfbox-sub-jempbox,7.16,11,0,0,0,baseTime
pdfbox-sub-xmpbox,7.16,593,0,0,0,baseTime
pdfbox-surefireNotFound,6.19,0,0,0,0,ekstaziAEC
pdfbox-sub-fontbox,7.13,7,0,0,0,baseTime
pdfbox-sub-jempbox,7.13,11,0,0,0,baseTime
pdfbox-sub-xmpbox,7.13,593,0,0,0,baseTime
pdfbox-surefireNotFound,6.1,0,0,0,0,ekstaziAEC
pdfbox-sub-fontbox,6.55,7,0,0,0,baseTime
pdfbox-sub-jempbox,6.55,11,0,0,0,baseTime
pdfbox-sub-xmpbox,6.55,593,0,0,0,baseTime
pdfbox-surefireNotFound,6.35,0,0,0,0,ekstaziAEC
pdfbox-sub-fontbox,7.66,7,0,0,0,baseTime
pdfbox-sub-jempbox,7.66,11,0,0,0,baseTime
pdfbox-sub-xmpbox,7.66,593,0,0,0,baseTime
pdfbox-surefireNotFound,6.65,0,0,0,0,ekstaziAEC
pdfbox-sub-fontbox,7.49,7,0,0,0,baseTime
pdfbox-sub-jempbox,7.49,11,0,0,0,baseTime
pdfbox-sub-xmpbox,7.49,593,0,0,0,baseTime
pdfbox-surefireNotFound,6.52,0,0,0,0,ekstaziAEC
pdfbox-sub-fontbox,7.28,7,0,0,0,baseTime
pdfbox-sub-jempbox,7.28,11,0,0,0,baseTime
pdfbox-sub-xmpbox,7.28,593,0,0,0,baseTime
pdfbox-surefireNotFound,6.46,0,0,0,0,ekstaziAEC
pdfbox-sub-fontbox,6.91,7,0,0,0,baseTime
pdfbox-sub-jempbox,6.91,11,0,0,0,baseTime
pdfbox-sub-xmpbox,6.91,593,0,0,0,baseTime
pdfbox-surefireNotFound,6.24,0,0,0,0,ekstaziAEC
pdfbox-sub-fontbox,6.41,7,0,0,0,baseTime
pdfbox-sub-jempbox,6.41,11,0,0,0,baseTime
pdfbox-sub-xmpbox,6.41,593,0,0,0,baseTime
pdfbox-surefireNotFound,6.24,0,0,0,0,ekstaziAEC
pdfbox-sub-fontbox,6.47,7,0,0,0,baseTime
pdfbox-sub-jempbox,6.47,11,0,0,0,baseTime
pdfbox-sub-xmpbox,6.47,593,0,0,0,baseTime
pdfbox-surefireNotFound,6.9,0,0,0,0,ekstaziAEC
pdfbox-sub-fontbox,6.64,7,0,0,0,baseTime
pdfbox-sub-jempbox,6.64,11,0,0,0,baseTime
pdfbox-sub-xmpbox,6.64,593,0,0,0,baseTime
pdfbox-surefireNotFound,6.32,0,0,0,0,ekstaziAEC
pdfbox-sub-fontbox,8.13,7,0,0,0,baseTime
pdfbox-sub-jempbox,8.13,11,0,0,0,baseTime
pdfbox-sub-xmpbox,8.13,593,0,0,0,baseTime
pdfbox-surefireNotFound,6.99,0,0,0,0,ekstaziAEC
validator,20.43,415,0,0,0,baseTime
validator,9.36,415,0,0,0,ekstaziAEC
validator,7.92,415,0,0,0,baseTime
validator,6.61,7,0,0,0,ekstaziAEC
validator,7.08,415,0,0,0,baseTime
validator,6.34,7,0,0,0,ekstaziAEC
validator,6.78,416,0,0,0,baseTime
validator,6.06,8,0,0,0,ekstaziAEC
validator,6.9,416,0,0,0,baseTime
validator-surefireNotFound,5.82,0,0,0,0,ekstaziAEC
validator,6.61,416,0,0,0,baseTime
validator-surefireNotFound,5.6,0,0,0,0,ekstaziAEC
validator,7.09,416,0,0,0,baseTime
validator-surefireNotFound,5.78,0,0,0,0,ekstaziAEC
validator,14.03,416,0,0,0,baseTime
validator-surefireNotFound,5.81,0,0,0,0,ekstaziAEC
validator,7.06,416,0,0,0,baseTime
validator-surefireNotFound,5.49,0,0,0,0,ekstaziAEC
validator,9.4,416,0,0,0,baseTime
validator-surefireNotFound,5.61,0,0,0,0,ekstaziAEC
validator,6.5,416,0,0,0,baseTime
validator,6.19,37,0,0,0,ekstaziAEC
validator,9.27,416,0,0,0,baseTime
validator-surefireNotFound,5.48,0,0,0,0,ekstaziAEC
validator,6.66,416,0,0,0,baseTime
validator-surefireNotFound,5.66,0,0,0,0,ekstaziAEC
validator,6.59,416,0,0,0,baseTime
validator-surefireNotFound,5.4,0,0,0,0,ekstaziAEC
validator,6.63,416,0,0,0,baseTime
validator-surefireNotFound,5.55,0,0,0,0,ekstaziAEC
validator,7.42,416,0,0,0,baseTime
validator-surefireNotFound,7.21,0,0,0,0,ekstaziAEC
validator,7.69,416,0,0,0,baseTime
validator-surefireNotFound,6.22,0,0,0,0,ekstaziAEC
validator,7.24,417,0,0,0,baseTime
validator,6.71,24,0,0,0,ekstaziAEC
validator,7.44,417,0,0,0,baseTime
validator,7.02,38,0,0,0,ekstaziAEC
validator,12.52,417,0,0,0,baseTime
validator-surefireNotFound,6.25,0,0,0,0,ekstaziAEC
retrofit-sub-retrofit,59.96,147,0,0,0,baseTime
retrofit-sub-retrofit-mock,59.96,16,0,0,0,baseTime
retrofit-sub-retrofit,13.12,147,0,0,0,ekstaziAEC
retrofit-sub-retrofit-mock,13.12,16,0,0,0,ekstaziAEC
retrofit-sub-retrofit,8.03,147,0,0,0,baseTime
retrofit-sub-retrofit-mock,8.03,16,0,0,0,baseTime
retrofit-surefireNotFound,6.93,0,0,0,0,ekstaziAEC
retrofit-sub-retrofit,7.72,147,0,0,0,baseTime
retrofit-sub-retrofit-mock,7.72,16,0,0,0,baseTime
retrofit-surefireNotFound,6.57,0,0,0,0,ekstaziAEC
retrofit-sub-retrofit,7.79,147,0,0,0,baseTime
retrofit-sub-retrofit-mock,7.79,16,0,0,0,baseTime
retrofit-surefireNotFound,6.53,0,0,0,0,ekstaziAEC
retrofit-sub-retrofit,7.79,147,0,0,0,baseTime
retrofit-sub-retrofit-mock,7.79,16,0,0,0,baseTime
retrofit-sub-retrofit,9.47,65,0,0,0,ekstaziAEC
retrofit-sub-retrofit-mock,9.47,16,0,0,0,ekstaziAEC
retrofit-sub-retrofit,8.01,147,0,0,0,baseTime
retrofit-sub-retrofit-mock,8.01,16,0,0,0,baseTime
retrofit-sub-retrofit,9.74,65,0,0,0,ekstaziAEC
retrofit-sub-retrofit-mock,9.74,16,0,0,0,ekstaziAEC
retrofit-sub-retrofit,8.18,147,0,0,0,baseTime
retrofit-sub-retrofit-mock,8.18,16,0,0,0,baseTime
retrofit-sub-retrofit,9.17,65,0,0,0,ekstaziAEC
retrofit-sub-retrofit-mock,9.17,16,0,0,0,ekstaziAEC
retrofit-sub-retrofit,7.7,147,0,0,0,baseTime
retrofit-sub-retrofit-mock,7.7,16,0,0,0,baseTime
retrofit-sub-retrofit,9.74,42,0,0,0,ekstaziAEC
retrofit-sub-retrofit-mock,9.74,16,0,0,0,ekstaziAEC
retrofit-sub-retrofit,8.0,147,0,0,0,baseTime
retrofit-sub-retrofit-mock,8.0,16,0,0,0,baseTime
retrofit-sub-retrofit,10.12,42,0,0,0,ekstaziAEC
retrofit-sub-retrofit-mock,10.12,16,0,0,0,ekstaziAEC
retrofit-sub-retrofit,8.08,147,0,0,0,baseTime
retrofit-sub-retrofit-mock,8.08,16,0,0,0,baseTime
retrofit-surefireNotFound,6.65,0,0,0,0,ekstaziAEC
retrofit-sub-retrofit,7.89,147,0,0,0,baseTime
retrofit-sub-retrofit-mock,7.89,16,0,0,0,baseTime
retrofit-surefireNotFound,6.69,0,0,0,0,ekstaziAEC
retrofit-sub-retrofit,7.85,147,0,0,0,baseTime
retrofit-sub-retrofit-mock,7.85,16,0,0,0,baseTime
retrofit-surefireNotFound,6.69,0,0,0,0,ekstaziAEC
retrofit-sub-retrofit,7.96,147,0,0,0,baseTime
retrofit-sub-retrofit-mock,7.96,16,0,0,0,baseTime
retrofit-sub-retrofit,9.46,27,0,0,0,ekstaziAEC
retrofit-sub-retrofit-mock,9.46,16,0,0,0,ekstaziAEC
retrofit-sub-retrofit,8.06,147,0,0,0,baseTime
retrofit-sub-retrofit-mock,8.06,16,0,0,0,baseTime
retrofit-surefireNotFound,6.58,0,0,0,0,ekstaziAEC
retrofit-sub-retrofit,7.76,148,0,0,0,baseTime
retrofit-sub-retrofit-mock,7.76,16,0,0,0,baseTime
retrofit-sub-retrofit,9.56,28,0,0,0,ekstaziAEC
retrofit-sub-retrofit-mock,9.56,16,0,0,0,ekstaziAEC
retrofit-sub-retrofit,7.99,148,0,0,0,baseTime
retrofit-sub-retrofit-mock,7.99,16,0,0,0,baseTime
retrofit-sub-retrofit,7.38,26,0,0,0,ekstaziAEC
retrofit-sub-retrofit,7.98,148,0,0,0,baseTime
retrofit-sub-retrofit-mock,7.98,16,0,0,0,baseTime
retrofit-surefireNotFound,6.55,0,0,0,0,ekstaziAEC
retrofit-sub-retrofit,7.65,148,0,0,0,baseTime
retrofit-sub-retrofit-mock,7.65,16,0,0,0,baseTime
retrofit-surefireNotFound,6.8,0,0,0,0,ekstaziAEC
retrofit-sub-retrofit,7.98,148,0,0,0,baseTime
retrofit-sub-retrofit-mock,7.98,16,0,0,0,baseTime
retrofit-surefireNotFound,6.84,0,0,0,0,ekstaziAEC
retrofit-sub-retrofit,7.77,148,0,0,0,baseTime
retrofit-sub-retrofit-mock,7.77,16,0,0,0,baseTime
retrofit-surefireNotFound,6.45,0,0,0,0,ekstaziAEC
cucumber-jvm-sub-core,27.67,298,2,4,4,baseTime
cucumber-jvm-sub-core,10.22,298,2,4,4,ekstaziAEC
cucumber-jvm-sub-core,7.89,298,2,4,4,baseTime
cucumber-jvm-sub-clojure,351.74,17,0,0,2,ekstaziAEC
cucumber-jvm-sub-groovy,351.74,31,0,0,0,ekstaziAEC
cucumber-jvm-sub-guice,351.74,12,0,0,0,ekstaziAEC
cucumber-jvm-sub-ioke,351.74,4,0,0,0,ekstaziAEC
cucumber-jvm-sub-java,351.74,41,0,0,1,ekstaziAEC
cucumber-jvm-sub-jruby,351.74,39,0,0,0,ekstaziAEC
cucumber-jvm-sub-junit,351.74,36,0,0,15,ekstaziAEC
cucumber-jvm-sub-jython,351.74,12,0,0,0,ekstaziAEC
cucumber-jvm-sub-openejb,351.74,4,0,0,0,ekstaziAEC
cucumber-jvm-sub-picocontainer,351.74,66,0,0,13,ekstaziAEC
cucumber-jvm-sub-rhino,351.74,18,0,0,0,ekstaziAEC
cucumber-jvm-sub-scala,351.74,58,0,0,0,ekstaziAEC
cucumber-jvm-sub-spring,351.74,33,0,0,0,ekstaziAEC
cucumber-jvm-sub-weld,351.74,4,0,0,0,ekstaziAEC
cucumber-jvm-sub-core,7.94,298,2,4,4,baseTime
cucumber-jvm-sub-clojure,57.87,15,0,0,2,ekstaziAEC
cucumber-jvm-sub-core,8.03,298,2,4,4,baseTime
cucumber-jvm-sub-clojure,58.26,15,0,0,2,ekstaziAEC
cucumber-jvm-sub-core,8.11,298,2,4,4,baseTime
cucumber-jvm-sub-clojure,92.59,15,0,0,2,ekstaziAEC
cucumber-jvm-sub-groovy,92.59,18,0,0,0,ekstaziAEC
cucumber-jvm-sub-guice,92.59,6,0,0,0,ekstaziAEC
cucumber-jvm-sub-ioke,92.59,3,0,0,0,ekstaziAEC
cucumber-jvm-sub-java,92.59,12,0,0,0,ekstaziAEC
cucumber-jvm-sub-jruby,92.59,38,0,0,0,ekstaziAEC
cucumber-jvm-sub-junit,92.59,34,0,0,15,ekstaziAEC
cucumber-jvm-sub-jython,92.59,9,0,0,0,ekstaziAEC
cucumber-jvm-sub-openejb,92.59,3,0,0,0,ekstaziAEC
cucumber-jvm-sub-picocontainer,92.59,62,0,0,13,ekstaziAEC
cucumber-jvm-sub-rhino,92.59,15,0,0,0,ekstaziAEC
cucumber-jvm-sub-scala,92.59,50,0,0,0,ekstaziAEC
cucumber-jvm-sub-spring,92.59,22,0,0,0,ekstaziAEC
cucumber-jvm-sub-weld,92.59,3,0,0,0,ekstaziAEC
cucumber-jvm-sub-core,8.11,302,2,4,4,baseTime
cucumber-jvm-sub-core,7.3,51,1,4,0,ekstaziAEC
cucumber-jvm-sub-core,9.21,306,2,4,4,baseTime
cucumber-jvm-sub-core,8.24,120,1,4,1,ekstaziAEC
cucumber-jvm-sub-core,8.07,306,2,4,4,baseTime
cucumber-jvm-sub-core,7.36,55,1,4,0,ekstaziAEC
cucumber-jvm-sub-core,8.24,307,2,4,4,baseTime
cucumber-jvm-sub-core,7.62,56,1,4,0,ekstaziAEC
cucumber-jvm-sub-core,7.85,307,2,4,4,baseTime
cucumber-jvm-sub-clojure,89.59,17,0,0,2,ekstaziAEC
cucumber-jvm-sub-groovy,89.59,28,0,0,0,ekstaziAEC
cucumber-jvm-sub-guice,89.59,6,0,0,0,ekstaziAEC
cucumber-jvm-sub-ioke,89.59,3,0,0,0,ekstaziAEC
cucumber-jvm-sub-java,89.59,30,0,0,1,ekstaziAEC
cucumber-jvm-sub-jruby,89.59,38,0,0,0,ekstaziAEC
cucumber-jvm-sub-jython,89.59,12,0,0,0,ekstaziAEC
cucumber-jvm-sub-openejb,89.59,3,0,0,0,ekstaziAEC
cucumber-jvm-sub-picocontainer,89.59,62,0,0,13,ekstaziAEC
cucumber-jvm-sub-rhino,89.59,15,0,0,0,ekstaziAEC
cucumber-jvm-sub-scala,89.59,50,0,0,0,ekstaziAEC
cucumber-jvm-sub-spring,89.59,22,0,0,0,ekstaziAEC
cucumber-jvm-sub-weld,89.59,3,0,0,0,ekstaziAEC
cucumber-jvm-sub-core,7.22,298,2,4,4,baseTime
cucumber-jvm-sub-core,7.44,112,1,4,1,ekstaziAEC
cucumber-jvm-sub-core,7.41,298,2,4,4,baseTime
cucumber-jvm-sub-clojure,89.18,17,0,0,2,ekstaziAEC
cucumber-jvm-sub-groovy,89.18,28,0,0,0,ekstaziAEC
cucumber-jvm-sub-guice,89.18,6,0,0,0,ekstaziAEC
cucumber-jvm-sub-ioke,89.18,3,0,0,0,ekstaziAEC
cucumber-jvm-sub-java,89.18,30,0,0,1,ekstaziAEC
cucumber-jvm-sub-jruby,89.18,38,0,0,0,ekstaziAEC
cucumber-jvm-sub-jython,89.18,12,0,0,0,ekstaziAEC
cucumber-jvm-sub-openejb,89.18,3,0,0,0,ekstaziAEC
cucumber-jvm-sub-picocontainer,89.18,62,0,0,13,ekstaziAEC
cucumber-jvm-sub-rhino,89.18,15,0,0,0,ekstaziAEC
cucumber-jvm-sub-scala,89.18,50,0,0,0,ekstaziAEC
cucumber-jvm-sub-spring,89.18,22,0,0,0,ekstaziAEC
cucumber-jvm-sub-weld,89.18,3,0,0,0,ekstaziAEC
cucumber-jvm-sub-core,7.82,298,2,4,4,baseTime
cucumber-jvm-sub-core,7.37,46,1,0,1,ekstaziAEC
cucumber-jvm-sub-core,7.54,299,2,4,4,baseTime
cucumber-jvm-sub-clojure,86.69,15,0,0,2,ekstaziAEC
cucumber-jvm-sub-core,86.69,4,0,0,0,ekstaziAEC
cucumber-jvm-sub-groovy,86.69,18,0,0,0,ekstaziAEC
cucumber-jvm-sub-guice,86.69,6,0,0,0,ekstaziAEC
cucumber-jvm-sub-ioke,86.69,3,0,0,0,ekstaziAEC
cucumber-jvm-sub-java,86.69,18,0,0,0,ekstaziAEC
cucumber-jvm-sub-jruby,86.69,38,0,0,0,ekstaziAEC
cucumber-jvm-sub-junit,86.69,19,0,0,15,ekstaziAEC
cucumber-jvm-sub-jython,86.69,9,0,0,0,ekstaziAEC
cucumber-jvm-sub-openejb,86.69,3,0,0,0,ekstaziAEC
cucumber-jvm-sub-picocontainer,86.69,62,0,0,13,ekstaziAEC
cucumber-jvm-sub-rhino,86.69,17,0,0,0,ekstaziAEC
cucumber-jvm-sub-scala,86.69,50,0,0,0,ekstaziAEC
cucumber-jvm-sub-spring,86.69,22,0,0,0,ekstaziAEC
cucumber-jvm-sub-weld,86.69,3,0,0,0,ekstaziAEC
cucumber-jvm-sub-core,8.74,299,2,4,4,baseTime
cucumber-jvm-sub-clojure,55.84,15,0,0,2,ekstaziAEC
cucumber-jvm-sub-core,55.84,4,0,0,0,ekstaziAEC
cucumber-jvm-sub-core,14.45,299,3,4,4,baseTime
cucumber-jvm-sub-clojure,97.85,15,0,0,2,ekstaziAEC
cucumber-jvm-sub-core,97.85,49,0,0,1,ekstaziAEC
cucumber-jvm-sub-groovy,97.85,18,0,0,0,ekstaziAEC
cucumber-jvm-sub-guice,97.85,6,0,0,0,ekstaziAEC
cucumber-jvm-sub-ioke,97.85,3,0,0,0,ekstaziAEC
cucumber-jvm-sub-java,97.85,15,0,0,0,ekstaziAEC
cucumber-jvm-sub-jruby,97.85,38,0,0,0,ekstaziAEC
cucumber-jvm-sub-junit,97.85,25,0,0,15,ekstaziAEC
cucumber-jvm-sub-jython,97.85,9,0,0,0,ekstaziAEC
cucumber-jvm-sub-openejb,97.85,3,0,0,0,ekstaziAEC
cucumber-jvm-sub-picocontainer,97.85,62,0,0,13,ekstaziAEC
cucumber-jvm-sub-rhino,97.85,15,0,0,0,ekstaziAEC
cucumber-jvm-sub-scala,97.85,50,0,0,0,ekstaziAEC
cucumber-jvm-sub-spring,97.85,22,0,0,0,ekstaziAEC
cucumber-jvm-sub-weld,97.85,3,0,0,0,ekstaziAEC
cucumber-jvm-sub-core,7.79,299,2,4,4,baseTime
cucumber-jvm-sub-clojure,59.94,15,0,0,2,ekstaziAEC
cucumber-jvm-sub-core,8.04,308,2,4,4,baseTime
cucumber-jvm-sub-core,8.11,121,1,4,1,ekstaziAEC
cucumber-jvm-sub-core,8.22,308,2,4,4,baseTime
cucumber-jvm-sub-clojure,87.13,17,0,0,2,ekstaziAEC
cucumber-jvm-sub-core,87.13,4,0,0,0,ekstaziAEC
cucumber-jvm-sub-groovy,87.13,28,0,0,0,ekstaziAEC
cucumber-jvm-sub-guice,87.13,6,0,0,0,ekstaziAEC
cucumber-jvm-sub-ioke,87.13,3,0,0,0,ekstaziAEC
cucumber-jvm-sub-java,87.13,30,0,0,1,ekstaziAEC
cucumber-jvm-sub-jruby,87.13,38,0,0,0,ekstaziAEC
cucumber-jvm-sub-jython,87.13,12,0,0,0,ekstaziAEC
cucumber-jvm-sub-openejb,87.13,3,0,0,0,ekstaziAEC
cucumber-jvm-sub-picocontainer,87.13,62,0,0,13,ekstaziAEC
cucumber-jvm-sub-rhino,87.13,15,0,0,0,ekstaziAEC
cucumber-jvm-sub-scala,87.13,50,0,0,0,ekstaziAEC
cucumber-jvm-sub-spring,87.13,22,0,0,0,ekstaziAEC
cucumber-jvm-sub-weld,87.13,3,0,0,0,ekstaziAEC
cucumber-jvm-sub-core,7.74,308,2,4,4,baseTime
cucumber-jvm-sub-core,7.62,49,1,0,0,ekstaziAEC
joda-time,21.68,4043,22,0,0,baseTime
joda-time,14.67,4043,22,0,0,ekstaziAEC
joda-time,13.37,4043,21,0,0,baseTime
joda-time,15.47,1977,13,0,0,ekstaziAEC
joda-time,13.69,4043,21,0,0,baseTime
joda-time,13.84,775,0,0,0,ekstaziAEC
joda-time,12.68,4043,21,0,0,baseTime
joda-time,11.93,2,0,0,0,ekstaziAEC
joda-time,13.25,4043,21,0,0,baseTime
joda-time,12.32,307,12,0,0,ekstaziAEC
joda-time,13.45,4043,21,0,0,baseTime
joda-time,12.28,240,12,0,0,ekstaziAEC
joda-time,13.73,4043,21,0,0,baseTime
joda-time,17.14,1232,9,0,0,ekstaziAEC
joda-time,14.17,4043,21,0,0,baseTime
joda-time,14.6,1232,9,0,0,ekstaziAEC
joda-time,13.4,4043,21,0,0,baseTime
joda-time,12.05,2,0,0,0,ekstaziAEC
joda-time,13.57,4045,21,0,0,baseTime
joda-time,15.77,3261,21,0,0,ekstaziAEC
joda-time,13.51,4045,21,0,0,baseTime
joda-time,15.2,1232,9,0,0,ekstaziAEC
joda-time,12.87,4045,21,0,0,baseTime
joda-time,12.0,2,0,0,0,ekstaziAEC
joda-time,13.58,4057,21,0,0,baseTime
joda-time,16.31,1650,0,0,0,ekstaziAEC
joda-time,13.34,4057,21,0,0,baseTime
joda-time,11.63,240,12,0,0,ekstaziAEC
joda-time,13.29,4057,21,0,0,baseTime
joda-time,12.3,240,12,0,0,ekstaziAEC
joda-time,13.4,4057,21,0,0,baseTime
joda-time,13.97,2,0,0,0,ekstaziAEC
joda-time,12.94,4057,21,0,0,baseTime
joda-time,12.9,3104,21,0,0,ekstaziAEC
joda-time,12.78,4066,21,0,0,baseTime
joda-time,13.39,3113,21,0,0,ekstaziAEC
joda-time,12.28,4066,21,0,0,baseTime
joda-time,13.12,3113,21,0,0,ekstaziAEC
joda-time,12.52,4067,21,0,0,baseTime
joda-time,12.83,2680,21,0,0,ekstaziAEC
bval-sub-bval-core,52.82,2,0,0,0,baseTime
bval-sub-bval-xstream,52.82,18,0,0,0,baseTime
bval-sub-bval-core,9.5,2,0,0,0,ekstaziAEC
bval-sub-bval-xstream,9.5,18,0,0,0,ekstaziAEC
bval-sub-bval-core,8.26,2,0,0,0,baseTime
bval-sub-bval-xstream,8.26,18,0,0,0,baseTime
bval-surefireNotFound,8.83,0,0,0,0,ekstaziAEC
bval-sub-bval-core,8.7,2,0,0,0,baseTime
bval-sub-bval-xstream,8.7,18,0,0,0,baseTime
bval-surefireNotFound,9.06,0,0,0,0,ekstaziAEC
bval-sub-bval-core,8.46,2,0,0,0,baseTime
bval-sub-bval-xstream,8.46,18,0,0,0,baseTime
bval-surefireNotFound,10.05,0,0,0,0,ekstaziAEC
bval-sub-bval-core,8.43,2,0,0,0,baseTime
bval-sub-bval-xstream,8.43,18,0,0,0,baseTime
bval-surefireNotFound,9.65,0,0,0,0,ekstaziAEC
bval-sub-bval-core,8.5,2,0,0,0,baseTime
bval-sub-bval-xstream,8.5,18,0,0,0,baseTime
bval-surefireNotFound,8.79,0,0,0,0,ekstaziAEC
bval-sub-bval-core,8.22,2,0,0,0,baseTime
bval-sub-bval-xstream,8.22,18,0,0,0,baseTime
bval-surefireNotFound,9.35,0,0,0,0,ekstaziAEC
bval-sub-bval-core,8.39,2,0,0,0,baseTime
bval-sub-bval-xstream,8.39,18,0,0,0,baseTime
bval-surefireNotFound,9.6,0,0,0,0,ekstaziAEC
bval-sub-bval-core,9.04,2,0,0,0,baseTime
bval-sub-bval-xstream,9.04,18,0,0,0,baseTime
bval-surefireNotFound,9.08,0,0,0,0,ekstaziAEC
bval-sub-bval-core,7.94,2,0,0,0,baseTime
bval-sub-bval-xstream,7.94,18,0,0,0,baseTime
bval-surefireNotFound,9.53,0,0,0,0,ekstaziAEC
bval-sub-bval-core,8.44,2,0,0,0,baseTime
bval-sub-bval-xstream,8.44,18,0,0,0,baseTime
bval-surefireNotFound,8.73,0,0,0,0,ekstaziAEC
bval-sub-bval-core,8.24,2,0,0,0,baseTime
bval-sub-bval-xstream,8.24,18,0,0,0,baseTime
bval-surefireNotFound,8.35,0,0,0,0,ekstaziAEC
bval-sub-bval-core,8.52,2,0,0,0,baseTime
bval-sub-bval-xstream,8.52,18,0,0,0,baseTime
bval-surefireNotFound,8.94,0,0,0,0,ekstaziAEC
bval-sub-bval-core,8.66,2,0,0,0,baseTime
bval-sub-bval-xstream,8.66,18,0,0,0,baseTime
bval-surefireNotFound,9.32,0,0,0,0,ekstaziAEC
bval-sub-bval-core,8.6,2,0,0,0,baseTime
bval-sub-bval-xstream,8.6,18,0,0,0,baseTime
bval-surefireNotFound,9.65,0,0,0,0,ekstaziAEC
bval-sub-bval-core,8.66,2,0,0,0,baseTime
bval-sub-bval-xstream,8.66,18,0,0,0,baseTime
bval-surefireNotFound,8.67,0,0,0,0,ekstaziAEC
bval-sub-bval-core,8.33,2,0,0,0,baseTime
bval-sub-bval-xstream,8.33,18,0,0,0,baseTime
bval-surefireNotFound,9.31,0,0,0,0,ekstaziAEC
bval-sub-bval-core,8.95,2,0,0,0,baseTime
bval-sub-bval-xstream,8.95,18,0,0,0,baseTime
bval-surefireNotFound,8.6,0,0,0,0,ekstaziAEC
bval-sub-bval-core,8.38,2,0,0,0,baseTime
bval-sub-bval-xstream,8.38,18,0,0,0,baseTime
bval-surefireNotFound,9.33,0,0,0,0,ekstaziAEC
bval-sub-bval-core,7.88,2,0,0,0,baseTime
bval-sub-bval-xstream,7.88,18,0,0,0,baseTime
bval-surefireNotFound,10.2,0,0,0,0,ekstaziAEC
closure-compiler,38.8,8860,0,1,0,baseTime
closure-compiler,49.68,8860,0,1,0,ekstaziAEC
closure-compiler,33.93,8860,0,1,0,baseTime
closure-compiler,61.78,8243,0,1,0,ekstaziAEC
closure-compiler,36.7,8864,0,1,0,baseTime
closure-compiler,30.19,584,0,1,0,ekstaziAEC
closure-compiler,36.99,8864,0,1,0,baseTime
closure-compiler-surefireNotFound,26.32,0,0,0,0,ekstaziAEC
closure-compiler,40.65,8864,0,1,0,baseTime
closure-compiler-surefireNotFound,23.09,0,0,0,0,ekstaziAEC
closure-compiler,35.44,8864,0,1,0,baseTime
closure-compiler,39.69,4448,0,1,0,ekstaziAEC
closure-compiler,31.38,8864,0,1,0,baseTime
closure-compiler-surefireNotFound,20.39,0,0,0,0,ekstaziAEC
closure-compiler,36.69,8864,0,1,0,baseTime
closure-compiler,27.96,711,0,1,0,ekstaziAEC
closure-compiler,37.24,8865,0,1,0,baseTime
closure-compiler,27.54,44,0,0,0,ekstaziAEC
closure-compiler,37.02,8865,0,1,0,baseTime
closure-compiler-surefireNotFound,25.22,0,0,0,0,ekstaziAEC
closure-compiler,37.71,8865,0,1,0,baseTime
closure-compiler,25.5,49,0,0,0,ekstaziAEC
closure-compiler,36.21,8866,0,1,0,baseTime
closure-compiler,52.95,8249,0,1,0,ekstaziAEC
closure-compiler,36.58,8866,0,1,0,baseTime
closure-compiler-surefireNotFound,24.45,0,0,0,0,ekstaziAEC
closure-compiler,35.08,8866,0,1,0,baseTime
closure-compiler-surefireNotFound,20.86,0,0,0,0,ekstaziAEC
closure-compiler,33.36,8866,0,1,0,baseTime
closure-compiler-surefireNotFound,21.24,0,0,0,0,ekstaziAEC
closure-compiler,33.67,8866,0,1,0,baseTime
closure-compiler,22.06,62,0,0,0,ekstaziAEC
closure-compiler,31.02,8866,0,1,0,baseTime
closure-compiler-surefireNotFound,20.12,0,0,0,0,ekstaziAEC
closure-compiler,31.68,8866,0,1,0,baseTime
closure-compiler-surefireNotFound,21.23,0,0,0,0,ekstaziAEC
closure-compiler,32.67,8866,0,1,0,baseTime
closure-compiler,40.35,6656,0,1,0,ekstaziAEC
closure-compiler,35.74,8867,0,1,0,baseTime
closure-compiler,22.73,45,0,0,0,ekstaziAEC
jenkins-sub-cli,44.49,3,0,2,0,baseTime
jenkins-sub-cli,9.37,3,0,2,0,ekstaziAEC
jenkins-sub-cli,8.2,3,0,2,0,baseTime
jenkins-sub-core,169.16,3351,0,52,2,ekstaziAEC
jenkins-sub-cli,8.53,3,0,2,0,baseTime
jenkins-sub-core,39.82,2,0,2,0,ekstaziAEC
jenkins-sub-cli,14.54,3,0,2,0,baseTime
jenkins-sub-core,253.63,5,0,0,0,ekstaziAEC
jenkins-sub-cli,6.99,3,0,2,0,baseTime
jenkins-sub-core,35.69,34,0,1,0,ekstaziAEC
jenkins-sub-cli,6.9,3,0,2,0,baseTime
jenkins-surefireNotFound,29.1,0,0,0,0,ekstaziAEC
jenkins-sub-cli,6.85,3,0,2,0,baseTime
jenkins-surefireNotFound,28.46,0,0,0,0,ekstaziAEC
jenkins-sub-cli,6.72,3,0,2,0,baseTime
jenkins-surefireNotFound,28.49,0,0,0,0,ekstaziAEC
jenkins-sub-cli,8.73,3,0,2,0,baseTime
jenkins-sub-core,32.16,61,0,2,0,ekstaziAEC
jenkins-sub-cli,6.84,3,0,2,0,baseTime
jenkins-sub-core,33.46,61,0,2,0,ekstaziAEC
jenkins-sub-cli,6.7,3,0,2,0,baseTime
jenkins-surefireNotFound,29.79,0,0,0,0,ekstaziAEC
jenkins-sub-cli,6.74,3,0,2,0,baseTime
jenkins-surefireNotFound,27.79,0,0,0,0,ekstaziAEC
jenkins-sub-cli,6.66,3,0,2,0,baseTime
jenkins-surefireNotFound,28.71,0,0,0,0,ekstaziAEC
jenkins-sub-cli,6.55,3,0,2,0,baseTime
jenkins-sub-core,29.88,10,0,0,0,ekstaziAEC
jenkins-sub-cli,6.54,3,0,2,0,baseTime
jenkins-surefireNotFound,27.7,0,0,0,0,ekstaziAEC
jenkins-sub-cli,6.76,3,0,2,0,baseTime
jenkins-surefireNotFound,29.12,0,0,0,0,ekstaziAEC
jenkins-sub-cli,6.82,3,0,2,0,baseTime
jenkins-surefireNotFound,28.93,0,0,0,0,ekstaziAEC
jenkins-sub-cli,6.52,3,0,2,0,baseTime
jenkins-surefireNotFound,28.22,0,0,0,0,ekstaziAEC
jenkins-sub-cli,6.51,3,0,2,0,baseTime
jenkins-surefireNotFound,28.42,0,0,0,0,ekstaziAEC
jenkins-sub-cli,6.73,3,0,2,0,baseTime
jenkins-surefireNotFound,28.28,0,0,0,0,ekstaziAEC
math-surefireNotFound,47.54,0,0,0,0,baseTime
math-surefireNotFound,13.37,0,0,0,0,ekstaziAEC
math-surefireNotFound,12.39,0,0,0,0,baseTime
math-surefireNotFound,12.2,0,0,0,0,ekstaziAEC
math-surefireNotFound,12.57,0,0,0,0,baseTime
math-surefireNotFound,12.79,0,0,0,0,ekstaziAEC
math-surefireNotFound,12.16,0,0,0,0,baseTime
math-surefireNotFound,12.62,0,0,0,0,ekstaziAEC
math-surefireNotFound,12.03,0,0,0,0,baseTime
math-surefireNotFound,15.04,0,0,0,0,ekstaziAEC
math-surefireNotFound,14.34,0,0,0,0,baseTime
math-surefireNotFound,14.12,0,0,0,0,ekstaziAEC
math-surefireNotFound,13.53,0,0,0,0,baseTime
math-surefireNotFound,13.44,0,0,0,0,ekstaziAEC
math-surefireNotFound,14.92,0,0,0,0,baseTime
math-surefireNotFound,13.57,0,0,0,0,ekstaziAEC
math-surefireNotFound,12.79,0,0,0,0,baseTime
math-surefireNotFound,14.11,0,0,0,0,ekstaziAEC
math-surefireNotFound,12.29,0,0,0,0,baseTime
math-surefireNotFound,13.25,0,0,0,0,ekstaziAEC
math-surefireNotFound,12.97,0,0,0,0,baseTime
math-surefireNotFound,13.3,0,0,0,0,ekstaziAEC
math-surefireNotFound,12.63,0,0,0,0,baseTime
math-surefireNotFound,12.73,0,0,0,0,ekstaziAEC
math-surefireNotFound,14.3,0,0,0,0,baseTime
math-surefireNotFound,13.25,0,0,0,0,ekstaziAEC
math-surefireNotFound,12.91,0,0,0,0,baseTime
math-surefireNotFound,14.66,0,0,0,0,ekstaziAEC
math-surefireNotFound,14.3,0,0,0,0,baseTime
math-surefireNotFound,16.38,0,0,0,0,ekstaziAEC
math-surefireNotFound,15.28,0,0,0,0,baseTime
math-surefireNotFound,14.32,0,0,0,0,ekstaziAEC
math-surefireNotFound,16.13,0,0,0,0,baseTime
math-surefireNotFound,14.46,0,0,0,0,ekstaziAEC
math-surefireNotFound,13.67,0,0,0,0,baseTime
math-surefireNotFound,15.03,0,0,0,0,ekstaziAEC
math-surefireNotFound,13.91,0,0,0,0,baseTime
math-surefireNotFound,14.12,0,0,0,0,ekstaziAEC
math-surefireNotFound,13.34,0,0,0,0,baseTime
math-surefireNotFound,14.92,0,0,0,0,ekstaziAEC
continuum-surefireNotFound,55.76,0,0,0,0,baseTime
continuum-surefireNotFound,5.89,0,0,0,0,ekstaziAEC
continuum-surefireNotFound,5.6,0,0,0,0,baseTime
continuum-surefireNotFound,6.38,0,0,0,0,ekstaziAEC
continuum-surefireNotFound,5.67,0,0,0,0,baseTime
continuum-surefireNotFound,6.34,0,0,0,0,ekstaziAEC
continuum-surefireNotFound,5.3,0,0,0,0,baseTime
continuum-surefireNotFound,5.57,0,0,0,0,ekstaziAEC
continuum-surefireNotFound,5.15,0,0,0,0,baseTime
continuum-surefireNotFound,5.77,0,0,0,0,ekstaziAEC
continuum-surefireNotFound,5.19,0,0,0,0,baseTime
continuum-surefireNotFound,5.91,0,0,0,0,ekstaziAEC
continuum-surefireNotFound,5.55,0,0,0,0,baseTime
continuum-surefireNotFound,5.85,0,0,0,0,ekstaziAEC
continuum-surefireNotFound,5.31,0,0,0,0,baseTime
continuum-surefireNotFound,5.79,0,0,0,0,ekstaziAEC
continuum-surefireNotFound,5.33,0,0,0,0,baseTime
continuum-surefireNotFound,5.75,0,0,0,0,ekstaziAEC
continuum-surefireNotFound,5.82,0,0,0,0,baseTime
continuum-surefireNotFound,5.9,0,0,0,0,ekstaziAEC
continuum-surefireNotFound,5.14,0,0,0,0,baseTime
continuum-surefireNotFound,6.07,0,0,0,0,ekstaziAEC
continuum-surefireNotFound,5.13,0,0,0,0,baseTime
continuum-surefireNotFound,5.74,0,0,0,0,ekstaziAEC
continuum-surefireNotFound,5.74,0,0,0,0,baseTime
continuum-surefireNotFound,5.83,0,0,0,0,ekstaziAEC
continuum-surefireNotFound,5.66,0,0,0,0,baseTime
continuum-surefireNotFound,5.84,0,0,0,0,ekstaziAEC
continuum-surefireNotFound,5.55,0,0,0,0,baseTime
continuum-surefireNotFound,5.69,0,0,0,0,ekstaziAEC
continuum-surefireNotFound,5.59,0,0,0,0,baseTime
continuum-surefireNotFound,5.72,0,0,0,0,ekstaziAEC
continuum-surefireNotFound,5.01,0,0,0,0,baseTime
continuum-surefireNotFound,5.54,0,0,0,0,ekstaziAEC
continuum-surefireNotFound,5.59,0,0,0,0,baseTime
continuum-surefireNotFound,5.46,0,0,0,0,ekstaziAEC
continuum-surefireNotFound,5.52,0,0,0,0,baseTime
continuum-surefireNotFound,5.55,0,0,0,0,ekstaziAEC
continuum-surefireNotFound,5.47,0,0,0,0,baseTime
continuum-surefireNotFound,5.92,0,0,0,0,ekstaziAEC
guava-surefireNotFound,11.49,0,0,0,0,baseTime
guava-surefireNotFound,7.65,0,0,0,0,ekstaziAEC
guava-surefireNotFound,7.06,0,0,0,0,baseTime
guava-surefireNotFound,7.56,0,0,0,0,ekstaziAEC
guava-surefireNotFound,6.89,0,0,0,0,baseTime
guava-surefireNotFound,7.86,0,0,0,0,ekstaziAEC
guava-surefireNotFound,7.58,0,0,0,0,baseTime
guava-surefireNotFound,7.96,0,0,0,0,ekstaziAEC
guava-surefireNotFound,7.19,0,0,0,0,baseTime
guava-surefireNotFound,7.41,0,0,0,0,ekstaziAEC
guava-surefireNotFound,6.88,0,0,0,0,baseTime
guava-surefireNotFound,6.83,0,0,0,0,ekstaziAEC
guava-surefireNotFound,6.94,0,0,0,0,baseTime
guava-surefireNotFound,7.69,0,0,0,0,ekstaziAEC
guava-surefireNotFound,7.11,0,0,0,0,baseTime
guava-surefireNotFound,7.77,0,0,0,0,ekstaziAEC
guava-surefireNotFound,7.45,0,0,0,0,baseTime
guava-surefireNotFound,7.7,0,0,0,0,ekstaziAEC
guava-surefireNotFound,6.61,0,0,0,0,baseTime
guava-surefireNotFound,7.16,0,0,0,0,ekstaziAEC
guava-surefireNotFound,6.68,0,0,0,0,baseTime
guava-surefireNotFound,7.22,0,0,0,0,ekstaziAEC
guava-surefireNotFound,6.81,0,0,0,0,baseTime
guava-surefireNotFound,6.89,0,0,0,0,ekstaziAEC
guava-surefireNotFound,6.86,0,0,0,0,baseTime
guava-surefireNotFound,6.92,0,0,0,0,ekstaziAEC
guava-surefireNotFound,6.76,0,0,0,0,baseTime
guava-surefireNotFound,6.69,0,0,0,0,ekstaziAEC
guava-surefireNotFound,6.58,0,0,0,0,baseTime
guava-surefireNotFound,6.76,0,0,0,0,ekstaziAEC
guava-surefireNotFound,6.88,0,0,0,0,baseTime
guava-surefireNotFound,6.71,0,0,0,0,ekstaziAEC
guava-surefireNotFound,6.49,0,0,0,0,baseTime
guava-surefireNotFound,6.59,0,0,0,0,ekstaziAEC
guava-surefireNotFound,6.63,0,0,0,0,baseTime
guava-surefireNotFound,7.13,0,0,0,0,ekstaziAEC
guava-surefireNotFound,6.65,0,0,0,0,baseTime
guava-surefireNotFound,6.88,0,0,0,0,ekstaziAEC
guava-surefireNotFound,6.46,0,0,0,0,baseTime
guava-surefireNotFound,7.21,0,0,0,0,ekstaziAEC
org.eclipse.jetty.project.git-sub-jetty-util,96.47,505,2,0,14,baseTime
org.eclipse.jetty.project.git-sub-jetty-util,76.95,505,2,0,14,ekstaziAEC
org.eclipse.jetty.project.git-sub-jetty-util,75.18,505,2,0,14,baseTime
org.eclipse.jetty.project.git-sub-jetty-http,235.91,576,0,0,1,ekstaziAEC
org.eclipse.jetty.project.git-sub-jetty-io,235.91,63,0,0,0,ekstaziAEC
org.eclipse.jetty.project.git-sub-jetty-jmx,235.91,6,0,0,1,ekstaziAEC
org.eclipse.jetty.project.git-sub-jetty-server,235.91,748,0,6,8,ekstaziAEC
org.eclipse.jetty.project.git-sub-jetty-util,235.91,6,0,0,0,ekstaziAEC
org.eclipse.jetty.project.git-sub-jetty-xml,235.91,30,0,0,0,ekstaziAEC
org.eclipse.jetty.project.git-sub-jetty-util,76.84,505,2,0,14,baseTime
org.eclipse.jetty.project.git-sub-jetty-annotations,84.11,17,0,0,0,ekstaziAEC
org.eclipse.jetty.project.git-sub-jetty-jndi,84.11,7,0,0,0,ekstaziAEC
org.eclipse.jetty.project.git-sub-jetty-plus,84.11,16,0,0,0,ekstaziAEC
org.eclipse.jetty.project.git-sub-jetty-security,84.11,37,0,0,0,ekstaziAEC
org.eclipse.jetty.project.git-sub-jetty-servlet,84.11,226,0,0,0,ekstaziAEC
org.eclipse.jetty.project.git-sub-jetty-webapp,84.11,26,0,0,0,ekstaziAEC
org.eclipse.jetty.project.git-sub-jetty-util,76.59,505,2,0,14,baseTime
org.eclipse.jetty.project.git-sub-jetty-util,12.61,46,1,0,2,ekstaziAEC
org.eclipse.jetty.project.git-sub-jetty-util,77.3,505,2,0,14,baseTime
org.eclipse.jetty.project.git-sub-jetty-util,78.01,505,2,0,14,baseTime
org.eclipse.jetty.project.git-sub-jetty-security,63.62,34,0,0,0,ekstaziAEC
org.eclipse.jetty.project.git-sub-jetty-servlet,63.62,217,0,0,0,ekstaziAEC
org.eclipse.jetty.project.git-sub-jetty-webapp,63.62,8,0,0,0,ekstaziAEC
org.eclipse.jetty.project.git-sub-jetty-util,78.8,505,2,0,14,baseTime
org.eclipse.jetty.project.git-sub-jetty-util,76.68,505,2,0,14,baseTime
org.eclipse.jetty.project.git-sub-jetty-util,76.31,505,2,0,14,baseTime
org.eclipse.jetty.project.git-sub-jetty-util,76.59,505,2,0,14,baseTime
org.eclipse.jetty.project.git-sub-jetty-util,76.86,505,2,0,14,baseTime
org.eclipse.jetty.project.git-sub-jetty-util,11.44,46,1,0,2,ekstaziAEC
org.eclipse.jetty.project.git-sub-jetty-util,76.04,505,2,0,14,baseTime
org.eclipse.jetty.project.git-sub-jetty-security,55.93,34,0,0,0,ekstaziAEC
org.eclipse.jetty.project.git-sub-jetty-servlet,55.93,217,0,0,0,ekstaziAEC
org.eclipse.jetty.project.git-sub-jetty-webapp,55.93,8,0,0,0,ekstaziAEC
org.eclipse.jetty.project.git-sub-jetty-util,76.75,505,2,0,14,baseTime
org.eclipse.jetty.project.git-sub-jetty-security,45.01,1,0,0,1,ekstaziAEC
org.eclipse.jetty.project.git-sub-jetty-util,76.62,505,2,0,14,baseTime
org.eclipse.jetty.project.git-sub-jetty-util,76.79,505,2,0,14,baseTime
org.eclipse.jetty.project.git-sub-jetty-security,55.0,41,0,0,0,ekstaziAEC
org.eclipse.jetty.project.git-sub-jetty-servlet,55.0,217,0,0,0,ekstaziAEC
org.eclipse.jetty.project.git-sub-jetty-webapp,55.0,8,0,0,0,ekstaziAEC
org.eclipse.jetty.project.git-sub-jetty-util,75.97,505,2,0,14,baseTime
org.eclipse.jetty.project.git-sub-jetty-security,50.93,7,0,0,0,ekstaziAEC
org.eclipse.jetty.project.git-sub-jetty-server,50.93,6,0,0,0,ekstaziAEC
org.eclipse.jetty.project.git-sub-jetty-servlet,50.93,23,0,0,0,ekstaziAEC
org.eclipse.jetty.project.git-sub-jetty-util,76.47,505,2,0,14,baseTime
org.eclipse.jetty.project.git-sub-jetty-webapp,43.67,8,0,0,0,ekstaziAEC
org.eclipse.jetty.project.git-sub-jetty-util,76.2,505,2,0,14,baseTime
org.eclipse.jetty.project.git-surefireNotFound,44.69,0,0,0,0,ekstaziAEC
org.eclipse.jetty.project.git-sub-jetty-util,75.78,505,2,0,14,baseTime
org.eclipse.jetty.project.git-sub-jetty-util,75.71,505,2,0,14,baseTime
camel,1353.62,4974,7,0,3,baseTime
camel,27.57,4,0,0,0,ekstaziAEC
camel,1317.7,4974,10,0,3,baseTime
camel-surefireNotFound,26.37,0,0,0,0,ekstaziAEC
camel,1347.87,4974,9,0,3,baseTime
camel-surefireNotFound,25.68,0,0,0,0,ekstaziAEC
camel,1327.36,4974,7,0,3,baseTime
camel,25.26,4,0,0,0,ekstaziAEC
camel,1324.3,4974,9,0,3,baseTime
camel-surefireNotFound,37.68,0,0,0,0,ekstaziAEC
camel,1326.17,4974,9,0,3,baseTime
camel-surefireNotFound,24.91,0,0,0,0,ekstaziAEC
camel,1347.94,4974,9,0,3,baseTime
camel-surefireNotFound,24.13,0,0,0,0,ekstaziAEC
camel,1329.32,4974,11,0,3,baseTime
camel-surefireNotFound,25.68,0,0,0,0,ekstaziAEC
camel,1330.58,4976,8,0,3,baseTime
camel,34.26,182,0,0,0,ekstaziAEC
camel,1312.17,4976,7,0,3,baseTime
camel,33.45,182,0,0,0,ekstaziAEC
camel,1302.04,4976,8,0,3,baseTime
camel-surefireNotFound,26.72,0,0,0,0,ekstaziAEC
camel,1343.07,4976,6,0,3,baseTime
camel-surefireNotFound,26.04,0,0,0,0,ekstaziAEC
camel,1315.25,4976,6,0,3,baseTime
camel,25.13,1,0,0,0,ekstaziAEC
camel,1327.62,4976,7,0,3,baseTime
camel-surefireNotFound,25.26,0,0,0,0,ekstaziAEC
camel,1336.54,4976,7,0,3,baseTime
camel-surefireNotFound,24.16,0,0,0,0,ekstaziAEC
camel,1320.79,4976,8,0,3,baseTime
camel-surefireNotFound,27.65,0,0,0,0,ekstaziAEC
camel,1318.78,4976,6,0,3,baseTime
camel-surefireNotFound,24.65,0,0,0,0,ekstaziAEC
camel,1311.96,4976,9,0,3,baseTime
camel-surefireNotFound,25.77,0,0,0,0,ekstaziAEC
camel,1316.23,4976,10,0,3,baseTime
camel-surefireNotFound,24.3,0,0,0,0,ekstaziAEC
camel,1356.03,4976,9,0,3,baseTime
camel,26.99,9,0,0,0,ekstaziAEC
